order_id,item_id,product_id,quantity,unit_price
O000001,O000001-I1,P0014,3,102.7
O000001,O000001-I2,P0013,2,82.98
O000001,O000001-I3,P0009,1,765.16
O000001,O000001-I4,P0009,1,742.08
O000002,O000002-I1,P0004,3,293.93
O000003,O000003-I1,P0005,3,184.69
O000003,O000003-I2,P0003,3,3506.87
O000004,O000004-I1,P0002,1,152.97
O000004,O000004-I2,P0004,3,274.43
O000005,O000005-I1,P0011,2,214.46
O000005,O000005-I2,P0014,3,96.23
O000005,O000005-I3,P0010,2,319.69
O000005,O000005-I4,P0015,2,153.84
O000006,O000006-I1,P0007,2,366.05
O000006,O000006-I2,P0001,1,920.6
O000006,O000006-I3,P0006,3,879.11
O000007,O000007-I1,P0010,2,322.15
O000007,O000007-I2,P0008,2,548.13
O000007,O000007-I3,P0015,1,150.04
O000008,O000008-I1,P0008,2,490.78
O000008,O000008-I2,P0010,0,362.42
O000008,O000008-I3,P0006,1,951.96
O000008,O000008-I4,P0014,3,96.6
O000009,O000009-I1,P0011,1,193.24
O000009,O000009-I2,P0010,3,361.35
O000009,O000009-I3,P0014,2,96.11
O000010,O000010-I1,P0009,1,723.71
O000010,O000010-I2,P0010,3,384.69
O000010,O000010-I3,P0005,3,165.27
O000011,O000011-I1,P0015,2,140.67
O000011,O000011-I2,P0006,1,837.8
O000012,O000012-I1,P0010,3,324.08
O000013,O000013-I1,P0011,2,206.95
O000013,O000013-I2,P0001,1,984.42
O000014,O000014-I1,P0005,2,194.43
O000014,O000014-I2,P0013,1,87.52
O000015,O000015-I1,P0015,2,136.47
O000015,O000015-I2,P0013,2,96.63
O000015,O000015-I3,P0013,3,97.71
O000015,O000015-I4,P0003,3,3742.02
O000016,O000016-I1,P0013,1,95.59
O000016,O000016-I2,P0002,2,162.81
O000017,O000017-I1,P0015,3,154.4
O000017,O000017-I2,P0006,1,834.68
O000017,O000017-I3,P0001,2,975.02
O000017,O000017-I4,P0014,-2,103.82
O000018,O000018-I1,P0014,1,95.02
O000019,O000019-I1,P0012,1,287.97
O000020,O000020-I1,P0001,3,902.67
O000020,O000020-I2,P0013,1,93.83
O000020,O000020-I3,P0008,2,492.83
O000020,O000020-I4,P0009,3,679.3
O000021,O000021-I1,P0002,3,151.52
O000021,O000021-I2,P0008,2,537.23
O000021,O000021-I3,P0008,1,513.46
O000022,O000022-I1,P0006,3,928.18
O000023,O000023-I1,P0009,3,694.95
O000023,O000023-I2,P0013,3,89.51
O000023,O000023-I3,P0003,1,3717.94
O000024,O000024-I1,P0001,1,866.71
O000024,O000024-I2,P0003,2,3510.67
O000025,O000025-I1,P0013,2,83.15
O000025,O000025-I2,P0001,2,888.55
O000025,O000025-I3,P0010,2,366.93
O000026,O000026-I1,P0006,2,824.12
O000026,O000026-I2,P0012,3,329.6
O000026,O000026-I3,P0005,1,181.54
O000026,O000026-I4,P0002,2,137.99
O000027,O000027-I1,P0003,2,3580.29
O000027,O000027-I2,P0007,2,381.87
O000027,O000027-I3,P0007,1,365.91
O000027,O000027-I4,P0011,3,196.15
O000028,O000028-I1,P0001,2,980.8
O000028,O000028-I2,P0002,1,153.05
O000028,O000028-I3,P0012,3,296.9
O000028,O000028-I4,P0006,2,876.86
O000029,O000029-I1,P0010,3,327.93
O000029,O000029-I2,P0004,3,293.12
O000029,O000029-I3,P0002,3,138.44
O000030,O000030-I1,P0011,1,214.01
O000030,O000030-I2,P0015,2,140.09
O000030,O000030-I3,P0004,3,296.61
O000031,O000031-I1,P0009,2,754.68
O000032,O000032-I1,P0008,1,473.58
O000032,O000032-I2,P0002,2,135.7
O000032,O000032-I3,P0004,3,304.24
O000033,O000033-I1,P0001,2,989.82
O000034,O000034-I1,P0002,2,154.17
O000035,O000035-I1,P0012,3,324.53
O000035,O000035-I2,P0002,1,159.84
O000036,O000036-I1,P0006,2,962.16
O000036,O000036-I2,P0015,2,140.8
O000037,O000037-I1,P0008,1,509.08
O000038,O000038-I1,P0013,1,82.37
O000038,O000038-I2,P0009,3,737.84
O000038,O000038-I3,P0013,2,92.62
O000039,O000039-I1,P0010,3,343.33
O000039,O000039-I2,P0005,2,164.54
O000039,O000039-I3,P0004,1,279.39
O000040,O000040-I1,P0005,3,197.46
O000040,O000040-I2,P0011,2,218.91
O000041,O000041-I1,P0004,1,275.72
O000041,O000041-I2,P0002,2,163.25
O000041,O000041-I3,P0007,3,393.35
O000042,O000042-I1,P0012,3,297.91
O000042,O000042-I2,P0008,2,499.64
O000043,O000043-I1,P0009,2,699.19
O000043,O000043-I2,P0001,3,930.95
O000044,O000044-I1,P0011,2,181.96
O000044,O000044-I2,P0012,3,281.59
O000044,O000044-I3,P0006,3,861.85
O000045,O000045-I1,P0002,1,146.72
O000046,O000046-I1,P0010,1,318.08
O000046,O000046-I2,P0007,1,416.98
O000047,O000047-I1,P0005,1,176.05
O000047,O000047-I2,P0010,3,366.65
O000048,O000048-I1,P0011,3,184.29
O000048,O000048-I2,P0005,2,182.91
O000048,O000048-I3,P0013,3,96.59
O000048,O000048-I4,P0006,3,814.71
O000049,O000049-I1,P0011,1,200.87
O000049,O000049-I2,P0009,3,716.66
O000050,O000050-I1,P0003,2,3369.49
O000051,O000051-I1,P0014,1,101.12
O000051,O000051-I2,P0012,3,298.6
O000051,O000051-I3,P0001,2,866.38
O000051,O000051-I4,P0003,1,3471.67
O000052,O000052-I1,P0010,3,335.8
O000052,O000052-I2,P0003,2,3689.72
O000052,O000052-I3,P0004,3,282.34
O000053,O000053-I1,P0005,2,191.36
O000053,O000053-I2,P0009,1,670.57
O000053,O000053-I3,P0009,2,763.63
O000054,O000054-I1,P0004,2,278.14
O000054,O000054-I2,P0013,3,94.23
O000054,O000054-I3,P0005,1,170.63
O000054,O000054-I4,P0009,3,756.62
O000055,O000055-I1,P0011,1,218.47
O000055,O000055-I2,P0002,1,147.11
O000055,O000055-I3,P0012,2,298.55
O000056,O000056-I1,P0014,1,102.94
O000057,O000057-I1,P0007,1,439.66
O000057,O000057-I2,P0013,2,95.08
O000058,O000058-I1,P0005,3,165.77
O000059,O000059-I1,P0014,1,96.52
O000059,O000059-I2,P0003,3,3471.14
O000059,O000059-I3,P0008,2,521.76
O000059,O000059-I4,P0005,1,188.41
O000060,O000060-I1,P0013,1,98.56
O000060,O000060-I2,P0008,2,482.26
O000060,O000060-I3,P0002,1,135.11
O000060,O000060-I4,P0011,2,189.33
O000061,O000061-I1,P0004,2,311.46
O000062,O000062-I1,P0011,3,184.6
O000062,O000062-I2,P0014,2,97.25
O000062,O000062-I3,P0014,1,94.29
O000062,O000062-I4,P0012,1,298.59
O000063,O000063-I1,P0012,3,315.18
O000063,O000063-I2,P0013,1,90.36
O000063,O000063-I3,P0013,3,93.56
O000063,O000063-I4,P0012,1,324.93
O000064,O000064-I1,P0009,2,749.52
O000064,O000064-I2,P0003,2,3231.28
O000065,O000065-I1,P0013,1,90.96
O000065,O000065-I2,P0007,3,424.45
O000065,O000065-I3,P0008,3,452.09
O000065,O000065-I4,P0007,2,425.21
O000066,O000066-I1,P0009,1,760.73
O000067,O000067-I1,P0012,3,327.72
O000067,O000067-I2,P0015,2,164.68
O000068,O000068-I1,P0010,1,384.39
O000068,O000068-I2,P0006,2,905.09
O000069,O000069-I1,P0011,1,198.33
O000069,O000069-I2,P0009,1,668.5
O000069,O000069-I3,P0008,3,526.44
O000069,O000069-I4,P0013,1,95.46
O000070,O000070-I1,P0002,1,148.29
O000071,O000071-I1,P0009,1,649.53
O000071,O000071-I2,P0012,2,283.96
O000072,O000072-I1,P0005,3,180.66
O000072,O000072-I2,P0003,2,3360.25
O000073,O000073-I1,P0010,2,318.19
O000073,O000073-I2,P0007,2,435.22
O000074,O000074-I1,P0003,1,3360.42
O000074,O000074-I2,P0006,3,835.89
O000074,O000074-I3,P0012,2,324.78
O000074,O000074-I4,P0008,3,491.17
O000075,O000075-I1,P0004,2,275.46
O000075,O000075-I2,P0010,3,372.95
O000075,O000075-I3,P0014,1,95.27
O000076,O000076-I1,P0008,2,480.22
O000076,O000076-I2,P0014,1,94.14
O000077,O000077-I1,P0006,2,949.49
O000077,O000077-I2,P0004,2,297.88
O000078,O000078-I1,P0007,2,433.04
O000078,O000078-I2,P0013,2,86.54
O000078,O000078-I3,P0011,1,202.4
O000078,O000078-I4,P0012,1,314.37
O000079,O000079-I1,P0005,1,179.87
O000079,O000079-I2,P0003,3,3810.32
O000079,O000079-I3,P0004,2,285.34
O000079,O000079-I4,P0009,2,765.2
O000080,O000080-I1,P0003,3,3173.59
O000080,O000080-I2,P0014,1,108.79
O000080,O000080-I3,P0015,3,136.36
O000080,O000080-I4,P0015,1,147.27
O000081,O000081-I1,P0006,2,928.57
O000081,O000081-I2,P0010,1,315.37
O000081,O000081-I3,P0011,3,196.36
O000081,O000081-I4,P0010,1,351.96
O000082,O000082-I1,P0013,1,85.24
O000082,O000082-I2,P0014,3,100.43
O000082,O000082-I3,P0002,2,142.92
O000082,O000082-I4,P0002,2,137.28
O000083,O000083-I1,P0005,1,185.43
O000083,O000083-I2,P0013,3,94.57
O000084,O000084-I1,P0010,3,326.9
O000085,O000085-I1,P0014,1,94.5
O000086,O000086-I1,P0014,2,90.22
O000086,O000086-I2,P0009,1,712.08
O000086,O000086-I3,P0001,3,957.66
O000087,O000087-I1,P0011,3,208.86
O000087,O000087-I2,P0009,3,734.26
O000087,O000087-I3,P0006,2,819.57
O000087,O000087-I4,P0012,2,283.83
O000088,O000088-I1,P0015,2,149.62
O000088,O000088-I2,P0005,2,181.81
O000088,O000088-I3,P0010,2,345.13
O000088,O000088-I4,P0012,3,305.05
O000089,O000089-I1,P0011,1,195.1
O000089,O000089-I2,P0002,3,139.54
O000090,O000090-I1,P0007,1,374.9
O000090,O000090-I2,P0012,2,303.32
O000090,O000090-I3,P0002,3,147.14
O000091,O000091-I1,P0013,1,93.94
O000091,O000091-I2,P0001,3,972.83
O000091,O000091-I3,P0007,1,405.66
O000092,O000092-I1,P0005,2,177.06
O000092,O000092-I2,P0003,2,3697.76
O000092,O000092-I3,P0003,2,3326.09
O000093,O000093-I1,P0007,1,435.8
O000093,O000093-I2,P0003,2,3739.02
O000094,O000094-I1,P0013,2,91.76
O000094,O000094-I2,P0013,3,84.52
O000094,O000094-I3,P0015,2,140.24
O000094,O000094-I4,P0003,2,3828.0
O000095,O000095-I1,P0005,2,175.04
O000095,O000095-I2,P0005,3,169.1
O000096,O000096-I1,P0015,1,159.46
O000096,O000096-I2,P0004,2,310.28
O000096,O000096-I3,P0012,1,307.9
O000096,O000096-I4,P0013,1,85.45
O000097,O000097-I1,P0009,2,706.01
O000097,O000097-I2,P0009,2,728.12
O000097,O000097-I3,P0014,3,101.77
O000097,O000097-I4,P0014,1,92.1
O000098,O000098-I1,P0009,3,724.74
O000099,O000099-I1,P0004,3,314.71
O000100,O000100-I1,P0006,1,863.08
O000100,O000100-I2,P0001,1,830.8
O000101,O000101-I1,P0008,1,493.72
O000101,O000101-I2,P0006,3,891.34
O000102,O000102-I1,P0010,3,331.98
O000102,O000102-I2,P0011,1,201.98
O000102,O000102-I3,P0003,2,3541.79
O000103,O000103-I1,P0010,1,366.51
O000103,O000103-I2,P0007,1,395.87
O000104,O000104-I1,P0012,1,317.86
O000104,O000104-I2,P0013,3,84.27
O000104,O000104-I3,P0001,2,845.38
O000105,O000105-I1,P0009,2,679.18
O000105,O000105-I2,P0010,2,358.11
O000105,O000105-I3,P0009,3,728.73
O000106,O000106-I1,P0002,3,139.15
O000106,O000106-I2,P0005,2,176.96
O000106,O000106-I3,P0003,1,3552.26
O000107,O000107-I1,P0009,1,656.1
O000107,O000107-I2,P0008,2,511.84
O000108,O000108-I1,P0015,2,156.2
O000108,O000108-I2,P0008,2,498.77
O000108,O000108-I3,P0008,1,506.44
O000108,O000108-I4,P0011,1,191.59
O000109,O000109-I1,P0009,3,645.9
O000109,O000109-I2,P0012,3,319.29
O000109,O000109-I3,P0008,2,504.1
O000109,O000109-I4,P0008,1,525.9
O000110,O000110-I1,P0005,2,171.37
O000110,O000110-I2,P0015,1,148.07
O000111,O000111-I1,P0013,3,83.41
O000111,O000111-I2,P0010,1,371.84
O000111,O000111-I3,P0007,1,405.5
O000112,O000112-I1,P0005,3,191.24
O000112,O000112-I2,P0005,1,196.55
O000112,O000112-I3,P0013,2,97.43
O000113,O000113-I1,P0004,1,315.58
O000113,O000113-I2,P0011,3,195.61
O000114,O000114-I1,P0007,3,419.88
O000114,O000114-I2,P0010,3,380.43
O000114,O000114-I3,P0014,2,98.99
O000114,O000114-I4,P0002,2,144.72
O000115,O000115-I1,P0010,2,330.15
O000115,O000115-I2,P0011,2,212.89
O000115,O000115-I3,P0013,2,85.74
O000115,O000115-I4,P0012,2,290.17
O000116,O000116-I1,P0001,3,950.99
O000117,O000117-I1,P0015,2,140.98
O000118,O000118-I1,P0002,3,162.01
O000118,O000118-I2,P0006,1,819.23
O000118,O000118-I3,P0002,3,144.07
O000119,O000119-I1,P0004,1,277.87
O000120,O000120-I1,P0013,1,89.5
O000120,O000120-I2,P0015,1,146.39
O000120,O000120-I3,P0007,3,424.37
O000121,O000121-I1,P0010,1,352.03
O000121,O000121-I2,P0011,1,204.31
O000122,O000122-I1,P0014,2,107.09
O000122,O000122-I2,P0010,1,377.65
O000123,O000123-I1,P0015,2,154.24
O000123,O000123-I2,P0005,1,181.82
O000123,O000123-I3,P0003,3,3654.72
O000124,O000124-I1,P0004,2,287.64
O000124,O000124-I2,P0010,1,369.76
O000124,O000124-I3,P0003,1,3496.32
O000125,O000125-I1,P0015,2,138.87
O000126,O000126-I1,P0015,2,141.38
O000126,O000126-I2,P0012,1,326.81
O000126,O000126-I3,P0001,2,901.09
O000126,O000126-I4,P0002,3,156.27
O000127,O000127-I1,P0005,3,195.04
O000127,O000127-I2,P0005,1,181.21
O000128,O000128-I1,P0005,2,188.17
O000129,O000129-I1,P0007,3,364.31
O000130,O000130-I1,P0003,2,3516.0
O000131,O000131-I1,P0011,2,212.18
O000131,O000131-I2,P0002,2,150.62
O000131,O000131-I3,P0014,2,104.14
O000132,O000132-I1,P0013,3,93.03
O000132,O000132-I2,P0003,1,3309.79
O000132,O000132-I3,P0003,3,3151.71
O000132,O000132-I4,P0012,1,284.58
O000133,O000133-I1,P0009,3,733.59
O000134,O000134-I1,P0005,3,186.14
O000134,O000134-I2,P0002,1,140.29
O000134,O000134-I3,P0006,3,986.54
O000135,O000135-I1,P0005,1,172.4
O000135,O000135-I2,P0009,2,733.44
O000135,O000135-I3,P0001,1,893.41
O000136,O000136-I1,P0003,1,3313.0
O000136,O000136-I2,P0014,2,102.62
O000137,O000137-I1,P0002,2,163.73
O000137,O000137-I2,P0008,1,521.06
O000137,O000137-I3,P0004,1,272.54
O000138,O000138-I1,P0007,3,370.59
O000138,O000138-I2,P0012,2,274.4
O000138,O000138-I3,P0009,3,638.63
O000139,O000139-I1,P0011,1,217.63
O000139,O000139-I2,P0012,1,316.69
O000139,O000139-I3,P0005,3,165.83
O000139,O000139-I4,P0005,1,167.82
O000140,O000140-I1,P0007,1,367.14
O000140,O000140-I2,P0007,3,384.24
O000141,O000141-I1,P0015,1,155.21
O000141,O000141-I2,P0006,2,957.51
O000142,O000142-I1,P0002,1,138.55
O000142,O000142-I2,P0002,1,159.8
O000143,O000143-I1,P0009,2,758.33
O000144,O000144-I1,P0013,1,81.68
O000144,O000144-I2,P0002,2,136.43
O000144,O000144-I3,P0013,3,88.7
O000144,O000144-I4,P0013,3,88.01
O000145,O000145-I1,P0014,2,107.56
O000145,O000145-I2,P0005,1,184.01
O000146,O000146-I1,P0001,3,854.75
O000146,O000146-I2,P0005,3,190.51
O000146,O000146-I3,P0003,2,3697.24
O000146,O000146-I4,P0003,2,3485.68
O000147,O000147-I1,P0005,2,164.02
O000147,O000147-I2,P0001,2,905.2
O000147,O000147-I3,P0009,3,769.83
O000147,O000147-I4,P0001,1,827.93
O000148,O000148-I1,P0009,2,679.58
O000148,O000148-I2,P0015,1,140.19
O000149,O000149-I1,P0011,2,217.79
O000150,O000150-I1,P0009,3,660.54
O000150,O000150-I2,P0003,3,3484.49
O000150,O000150-I3,P0001,2,975.11
O000150,O000150-I4,P0001,1,955.05
O000151,O000151-I1,P0009,1,748.4
O000151,O000151-I2,P0014,2,109.1
O000152,O000152-I1,P0006,2,834.47
O000153,O000153-I1,P0010,3,369.98
O000153,O000153-I2,P0003,1,3615.77
O000153,O000153-I3,P0015,1,146.25
O000153,O000153-I4,P0011,3,207.44
O000154,O000154-I1,P0013,2,97.47
O000154,O000154-I2,P0012,3,283.16
O000154,O000154-I3,P0009,3,644.48
O000154,O000154-I4,P0003,2,3248.36
O000155,O000155-I1,P0013,3,92.4
O000156,O000156-I1,P0006,1,939.57
O000157,O000157-I1,P0008,2,528.77
O000157,O000157-I2,P0006,3,927.07
O000157,O000157-I3,P0009,3,661.49
O000157,O000157-I4,P0002,2,137.12
O000158,O000158-I1,P0002,1,161.53
O000159,O000159-I1,P0006,3,970.67
O000160,O000160-I1,P0003,3,3537.78
O000160,O000160-I2,P0002,3,151.1
O000160,O000160-I3,P0004,3,286.8
O000160,O000160-I4,P0003,1,3217.05
O000161,O000161-I1,P0001,3,917.94
O000161,O000161-I2,P0002,1,137.82
O000161,O000161-I3,P0013,1,83.98
O000162,O000162-I1,P0008,2,468.39
O000162,O000162-I2,P0014,2,97.29
O000162,O000162-I3,P0004,2,272.59
O000162,O000162-I4,P0010,2,347.45
O000163,O000163-I1,P0002,2,159.14
O000164,O000164-I1,P0013,2,91.21
O000164,O000164-I2,P0007,1,398.0
O000164,O000164-I3,P0009,1,685.17
O000164,O000164-I4,P0014,3,90.6
O000165,O000165-I1,P0015,1,136.19
O000165,O000165-I2,P0013,1,98.68
O000166,O000166-I1,P0005,1,175.87
O000166,O000166-I2,P0011,2,201.98
O000166,O000166-I3,P0013,2,90.25
O000167,O000167-I1,P0002,1,162.64
O000167,O000167-I2,P0003,3,3695.58
O000167,O000167-I3,P0009,2,751.34
O000167,O000167-I4,P0009,2,752.8
O000168,O000168-I1,P0001,3,882.21
O000168,O000168-I2,P0005,2,193.92
O000168,O000168-I3,P0003,2,3633.26
O000168,O000168-I4,P0010,1,367.1
O000169,O000169-I1,P0005,3,165.44
O000169,O000169-I2,P0013,1,83.33
O000169,O000169-I3,P0013,3,88.88
O000170,O000170-I1,P0003,1,3789.29
O000171,O000171-I1,P0008,1,456.47
O000172,O000172-I1,P0003,1,3735.78
O000173,O000173-I1,P0005,3,176.19
O000173,O000173-I2,P0013,1,93.16
O000174,O000174-I1,P0009,3,746.22
O000174,O000174-I2,P0006,1,861.22
O000174,O000174-I3,P0003,2,3184.66
O000174,O000174-I4,P0014,3,105.49
O000175,O000175-I1,P0005,1,193.02
O000175,O000175-I2,P0007,3,360.62
O000176,O000176-I1,P0004,2,312.66
O000176,O000176-I2,P0013,3,92.47
O000177,O000177-I1,P0008,3,489.62
O000177,O000177-I2,P0011,1,180.2
O000178,O000178-I1,P0011,2,205.52
O000178,O000178-I2,P0008,2,476.02
O000178,O000178-I3,P0006,3,981.28
O000179,O000179-I1,P0013,3,88.18
O000180,O000180-I1,P0004,1,304.88
O000180,O000180-I2,P0007,3,425.17
O000180,O000180-I3,P0006,2,940.67
O000181,O000181-I1,P0008,3,468.02
O000181,O000181-I2,P0013,1,89.37
O000181,O000181-I3,P0013,3,85.56
O000182,O000182-I1,P0006,2,885.59
O000182,O000182-I2,P0012,2,292.2
O000183,O000183-I1,P0008,1,499.95
O000184,O000184-I1,P0003,2,3840.92
O000184,O000184-I2,P0004,2,278.5
O000185,O000185-I1,P0005,2,171.75
O000185,O000185-I2,P0001,1,913.63
O000186,O000186-I1,P0010,1,352.26
O000186,O000186-I2,P0007,3,389.75
O000186,O000186-I3,P0015,1,161.65
O000186,O000186-I4,P0006,3,844.21
O000187,O000187-I1,P0005,2,167.92
O000187,O000187-I2,P0002,1,143.85
O000187,O000187-I3,P0008,2,495.49
O000188,O000188-I1,P0015,1,163.33
O000188,O000188-I2,P0008,2,451.82
O000188,O000188-I3,P0012,1,313.53
O000189,O000189-I1,P0002,1,146.16
O000189,O000189-I2,P0011,3,190.14
O000190,O000190-I1,P0001,1,884.92
O000191,O000191-I1,P0004,1,287.97
O000191,O000191-I2,P0011,3,183.95
O000192,O000192-I1,P0008,3,461.68
O000193,O000193-I1,P0012,1,291.38
O000193,O000193-I2,P0013,2,86.22
O000194,O000194-I1,P0005,3,185.98
O000194,O000194-I2,P0001,1,980.79
O000194,O000194-I3,P0011,3,182.91
O000194,O000194-I4,P0014,3,91.93
O000195,O000195-I1,P0004,1,321.03
O000195,O000195-I2,P0001,2,954.18
O000195,O000195-I3,P0013,2,88.57
O000196,O000196-I1,P0010,2,377.51
O000196,O000196-I2,P0003,3,3337.72
O000197,O000197-I1,P0007,2,423.89
O000197,O000197-I2,P0007,3,430.78
O000197,O000197-I3,P0013,1,82.94
O000197,O000197-I4,P0011,3,208.95
O000198,O000198-I1,P0003,3,3765.86
O000198,O000198-I2,P0006,3,985.11
O000198,O000198-I3,P0006,1,896.85
O000198,O000198-I4,P0001,2,830.24
O000199,O000199-I1,P0001,3,913.7
O000199,O000199-I2,P0014,3,94.39
O000199,O000199-I3,P0008,3,537.21
O000200,O000200-I1,P0003,1,3600.28
O000200,O000200-I2,P0013,1,90.0
O000200,O000200-I3,P0014,2,106.93
O000200,O000200-I4,P0010,1,320.15
O000201,O000201-I1,P0008,3,514.23
O000202,O000202-I1,P0002,3,154.5
O000202,O000202-I2,P0008,1,490.25
O000202,O000202-I3,P0005,1,181.96
O000202,O000202-I4,P0015,1,159.67
O000203,O000203-I1,P0015,2,144.86
O000203,O000203-I2,P0006,3,917.89
O000203,O000203-I3,P0001,3,928.19
O000203,O000203-I4,P0004,3,297.05
O000204,O000204-I1,P0013,3,87.63
O000204,O000204-I2,P0015,1,136.28
O000204,O000204-I3,P0005,1,179.63
O000205,O000205-I1,P0014,2,94.22
O000206,O000206-I1,P0014,3,101.67
O000207,O000207-I1,P0015,3,136.37
O000207,O000207-I2,P0001,2,960.88
O000208,O000208-I1,P0011,2,206.2
O000208,O000208-I2,P0002,3,161.37
O000209,O000209-I1,P0006,1,834.78
O000209,O000209-I2,P0006,3,935.9
O000209,O000209-I3,P0005,3,180.34
O000210,O000210-I1,P0004,3,290.62
O000210,O000210-I2,P0011,3,185.21
O000211,O000211-I1,P0012,3,298.72
O000212,O000212-I1,P0013,3,81.93
O000212,O000212-I2,P0008,2,524.91
O000212,O000212-I3,P0001,1,986.93
O000212,O000212-I4,P0003,3,3325.3
O000213,O000213-I1,P0006,2,828.35
O000214,O000214-I1,P0011,2,218.16
O000214,O000214-I2,P0001,3,866.18
O000214,O000214-I3,P0006,3,819.59
O000215,O000215-I1,P0012,3,327.75
O000215,O000215-I2,P0009,2,692.74
O000215,O000215-I3,P0010,3,320.12
O000216,O000216-I1,P0005,1,173.8
O000216,O000216-I2,P0004,3,326.14
O000216,O000216-I3,P0003,1,3257.5
O000216,O000216-I4,P0013,2,91.64
O000217,O000217-I1,P0012,2,301.42
O000218,O000218-I1,P0002,2,143.71
O000218,O000218-I2,P0004,3,301.73
O000218,O000218-I3,P0004,3,319.31
O000218,O000218-I4,P0005,3,162.23
O000219,O000219-I1,P0015,2,146.34
O000219,O000219-I2,P0011,1,195.34
O000220,O000220-I1,P0008,2,539.72
O000220,O000220-I2,P0008,1,481.93
O000220,O000220-I3,P0008,1,544.71
O000221,O000221-I1,P0004,3,316.31
O000222,O000222-I1,P0010,2,365.08
O000222,O000222-I2,P0015,1,137.53
O000222,O000222-I3,P0012,1,280.59
O000222,O000222-I4,P0003,2,3540.56
O000223,O000223-I1,P0007,3,417.52
O000223,O000223-I2,P0001,1,945.97
O000223,O000223-I3,P0011,3,181.73
O000223,O000223-I4,P0009,1,679.98
O000224,O000224-I1,P0005,2,175.63
O000225,O000225-I1,P0012,2,310.53
O000225,O000225-I2,P0013,3,92.56
O000225,O000225-I3,P0005,1,181.83
O000225,O000225-I4,P0010,3,324.8
O000226,O000226-I1,P0005,3,188.59
O000227,O000227-I1,P0003,2,3285.93
O000227,O000227-I2,P0004,1,310.16
O000228,O000228-I1,P0005,1,170.93
O000229,O000229-I1,P0002,3,137.0
O000229,O000229-I2,P0010,1,337.15
O000229,O000229-I3,P0002,2,144.75
O000230,O000230-I1,P0013,2,85.34
O000230,O000230-I2,P0015,1,156.26
O000230,O000230-I3,P0003,3,3455.19
O000231,O000231-I1,P0007,3,408.43
O000231,O000231-I2,P0012,2,321.42
O000231,O000231-I3,P0008,1,539.02
O000231,O000231-I4,P0002,1,142.8
O000232,O000232-I1,P0013,3,88.19
O000233,O000233-I1,P0010,3,366.22
O000233,O000233-I2,P0003,2,3243.62
O000233,O000233-I3,P0006,3,901.77
O000233,O000233-I4,P0014,2,97.18
O000234,O000234-I1,P0007,3,412.65
O000234,O000234-I2,P0003,1,3665.04
O000235,O000235-I1,P0001,1,930.24
O000235,O000235-I2,P0006,3,973.28
O000236,O000236-I1,P0015,2,138.0
O000237,O000237-I1,P0006,3,927.5
O000237,O000237-I2,P0006,1,902.9
O000238,O000238-I1,P0008,3,538.1
O000238,O000238-I2,P0008,2,466.47
O000238,O000238-I3,P0010,1,350.92
O000239,O000239-I1,P0010,2,371.68
O000240,O000240-I1,P0010,1,317.93
O000240,O000240-I2,P0007,3,407.29
O000241,O000241-I1,P0001,1,902.89
O000241,O000241-I2,P0004,2,305.86
O000242,O000242-I1,P0004,3,329.46
O000243,O000243-I1,P0010,1,365.59
O000243,O000243-I2,P0008,2,542.13
O000244,O000244-I1,P0004,3,310.96
O000245,O000245-I1,P0014,3,99.97
O000246,O000246-I1,P0014,3,102.88
O000247,O000247-I1,P0004,3,318.17
O000247,O000247-I2,P0013,3,91.27
O000247,O000247-I3,P0012,2,277.94
O000247,O000247-I4,P0006,2,947.75
O000248,O000248-I1,P0001,1,913.94
O000248,O000248-I2,P0012,1,301.09
O000249,O000249-I1,P0006,3,886.14
O000249,O000249-I2,P0003,2,3578.21
O000249,O000249-I3,P0010,3,342.72
O000249,O000249-I4,P0004,1,294.7
O000250,O000250-I1,P0015,2,156.97
O000250,O000250-I2,P0009,3,646.58
O000250,O000250-I3,P0012,1,296.7
O000251,O000251-I1,P0013,1,83.8
O000251,O000251-I2,P0010,3,315.28
O000251,O000251-I3,P0011,1,212.82
O000252,O000252-I1,P0006,3,879.08
O000252,O000252-I2,P0010,2,357.88
O000253,O000253-I1,P0010,1,374.43
O000253,O000253-I2,P0007,3,382.78
O000254,O000254-I1,P0010,2,331.65
O000254,O000254-I2,P0011,1,218.92
O000255,O000255-I1,P0007,1,403.87
O000255,O000255-I2,P0004,3,319.68
O000255,O000255-I3,P0001,3,872.56
O000255,O000255-I4,P0011,2,188.96
O000256,O000256-I1,P0003,3,3355.88
O000256,O000256-I2,P0008,1,530.19
O000256,O000256-I3,P0009,2,752.55
O000257,O000257-I1,P0012,2,310.79
O000257,O000257-I2,P0015,3,160.75
O000258,O000258-I1,P0011,2,196.4
O000258,O000258-I2,P0004,2,300.89
O000259,O000259-I1,P0006,3,957.69
O000260,O000260-I1,P0004,3,310.88
O000260,O000260-I2,P0009,1,699.76
O000260,O000260-I3,P0003,1,3314.31
O000261,O000261-I1,P0013,1,83.07
O000261,O000261-I2,P0006,1,931.54
O000262,O000262-I1,P0006,3,966.27
O000262,O000262-I2,P0005,2,168.49
O000262,O000262-I3,P0014,3,95.51
O000262,O000262-I4,P0014,1,104.9
O000263,O000263-I1,P0008,2,535.93
O000264,O000264-I1,P0005,1,173.62
O000264,O000264-I2,P0001,3,965.02
O000264,O000264-I3,P0011,1,201.84
O000264,O000264-I4,P0006,1,858.4
O000265,O000265-I1,P0011,1,202.75
O000265,O000265-I2,P0006,3,933.38
O000265,O000265-I3,P0013,1,93.87
O000265,O000265-I4,P0005,1,181.89
O000266,O000266-I1,P0003,2,3244.04
O000267,O000267-I1,P0006,3,839.31
O000268,O000268-I1,P0007,2,380.69
O000269,O000269-I1,P0002,3,154.39
O000269,O000269-I2,P0014,3,93.4
O000269,O000269-I3,P0015,2,145.56
O000269,O000269-I4,P0003,3,3507.21
O000270,O000270-I1,P0014,2,98.34
O000270,O000270-I2,P0010,3,354.91
O000271,O000271-I1,P0010,2,333.89
O000271,O000271-I2,P0011,2,211.13
O000271,O000271-I3,P0010,2,367.25
O000272,O000272-I1,P0011,3,207.92
O000272,O000272-I2,P0010,1,329.65
O000273,O000273-I1,P0009,1,644.46
O000273,O000273-I2,P0001,3,837.86
O000273,O000273-I3,P0006,3,977.58
O000273,O000273-I4,P0012,2,288.47
O000274,O000274-I1,P0008,1,516.25
O000274,O000274-I2,P0003,2,3754.86
O000275,O000275-I1,P0015,1,152.62
O000275,O000275-I2,P0011,2,205.14
O000276,O000276-I1,P0008,2,486.48
O000276,O000276-I2,P0004,2,279.25
O000276,O000276-I3,P0002,1,134.91
O000277,O000277-I1,P0015,2,152.81
O000277,O000277-I2,P0008,1,504.72
O000277,O000277-I3,P0001,1,884.01
O000277,O000277-I4,P0007,3,394.87
O000278,O000278-I1,P0004,3,318.35
O000278,O000278-I2,P0002,3,143.06
O000278,O000278-I3,P0010,3,366.9
O000278,O000278-I4,P0008,2,491.19
O000279,O000279-I1,P0010,1,325.56
O000279,O000279-I2,P0005,3,162.71
O000279,O000279-I3,P0010,1,334.65
O000279,O000279-I4,P0003,1,3650.53
O000280,O000280-I1,P0006,2,989.52
O000280,O000280-I2,P0005,2,186.99
O000281,O000281-I1,P0002,2,159.74
O000281,O000281-I2,P0008,1,547.35
O000281,O000281-I3,P0003,3,3324.18
O000281,O000281-I4,P0013,2,85.35
O000282,O000282-I1,P0008,2,543.51
O000282,O000282-I2,P0011,1,205.06
O000283,O000283-I1,P0008,1,536.26
O000283,O000283-I2,P0005,1,196.93
O000283,O000283-I3,P0006,1,923.82
O000284,O000284-I1,P0012,2,311.2
O000284,O000284-I2,P0001,1,876.75
O000284,O000284-I3,P0001,1,854.68
O000284,O000284-I4,P0012,2,275.39
O000285,O000285-I1,P0011,1,199.41
O000285,O000285-I2,P0012,2,328.79
O000286,O000286-I1,P0011,2,208.87
O000287,O000287-I1,P0009,3,678.58
O000287,O000287-I2,P0008,3,496.74
O000287,O000287-I3,P0009,3,757.92
O000288,O000288-I1,P0009,3,682.97
O000288,O000288-I2,P0007,1,430.53
O000288,O000288-I3,P0012,3,321.3
O000289,O000289-I1,P0003,2,3375.72
O000289,O000289-I2,P0011,3,192.78
O000289,O000289-I3,P0012,1,301.29
O000289,O000289-I4,P0003,1,3180.55
O000290,O000290-I1,P0003,2,3517.97
O000290,O000290-I2,P0001,3,916.15
O000290,O000290-I3,P0010,1,340.55
O000290,O000290-I4,P0006,3,939.11
O000291,O000291-I1,P0008,3,455.98
O000292,O000292-I1,P0008,1,544.35
O000292,O000292-I2,P0012,3,275.74
O000292,O000292-I3,P0013,3,85.06
O000293,O000293-I1,P0009,3,644.68
O000293,O000293-I2,P0009,3,710.62
O000294,O000294-I1,P0012,3,290.15
O000294,O000294-I2,P0009,1,704.65
O000295,O000295-I1,P0013,3,86.73
O000295,O000295-I2,P0007,1,404.95
O000295,O000295-I3,P0010,1,341.16
O000296,O000296-I1,P0001,1,988.7
O000296,O000296-I2,P0001,2,811.09
O000296,O000296-I3,P0005,1,169.64
O000296,O000296-I4,P0001,2,813.82
O000297,O000297-I1,P0002,1,139.06
O000297,O000297-I2,P0007,2,431.06
O000298,O000298-I1,P0009,2,654.11
O000298,O000298-I2,P0004,3,312.07
O000298,O000298-I3,P0002,1,152.76
O000298,O000298-I4,P0005,2,163.25
O000299,O000299-I1,P0006,1,966.45
O000299,O000299-I2,P0013,1,94.35
O000299,O000299-I3,P0007,3,434.18
O000300,O000300-I1,P0005,1,163.73
O000300,O000300-I2,P0011,3,219.78
O000301,O000301-I1,P0007,1,370.48
O000301,O000301-I2,P0012,1,298.45
O000302,O000302-I1,P0012,2,293.62
O000302,O000302-I2,P0002,3,140.79
O000302,O000302-I3,P0003,3,3847.85
O000302,O000302-I4,P0009,3,664.38
O000303,O000303-I1,P0002,2,147.61
O000304,O000304-I1,P0012,1,329.15
O000305,O000305-I1,P0003,3,3746.83
O000305,O000305-I2,P0006,1,943.02
O000306,O000306-I1,P0001,2,894.71
O000306,O000306-I2,P0011,2,188.27
O000306,O000306-I3,P0002,3,141.26
O000307,O000307-I1,P0011,2,203.22
O000307,O000307-I2,P0011,3,200.97
O000308,O000308-I1,P0001,2,928.76
O000308,O000308-I2,P0010,3,374.54
O000308,O000308-I3,P0001,3,874.74
O000309,O000309-I1,P0008,3,503.06
O000309,O000309-I2,P0011,1,187.86
O000309,O000309-I3,P0014,2,101.11
O000309,O000309-I4,P0008,3,452.06
O000310,O000310-I1,P0001,2,922.44
O000310,O000310-I2,P0011,1,219.73
O000311,O000311-I1,P0014,2,94.42
O000311,O000311-I2,P0013,2,97.04
O000311,O000311-I3,P0001,3,834.61
O000311,O000311-I4,P0009,3,683.41
O000312,O000312-I1,P0014,1,102.95
O000312,O000312-I2,P0005,3,181.39
O000312,O000312-I3,P0009,1,750.66
O000313,O000313-I1,P0015,1,144.43
O000313,O000313-I2,P0015,3,150.89
O000313,O000313-I3,P0003,3,3232.78
O000313,O000313-I4,P0014,2,106.68
O000314,O000314-I1,P0015,3,162.89
O000314,O000314-I2,P0005,2,167.38
O000314,O000314-I3,P0012,1,276.31
O000314,O000314-I4,P0013,1,81.38
O000315,O000315-I1,P0004,1,311.18
O000315,O000315-I2,P0001,2,834.04
O000316,O000316-I1,P0008,1,542.43
O000316,O000316-I2,P0003,2,3305.69
O000316,O000316-I3,P0003,3,3841.66
O000316,O000316-I4,P0001,1,821.81
O000317,O000317-I1,P0014,2,104.3
O000317,O000317-I2,P0007,2,408.82
O000317,O000317-I3,P0012,3,304.21
O000317,O000317-I4,P0010,3,351.67
O000318,O000318-I1,P0014,1,100.27
O000319,O000319-I1,P0003,2,3428.53
O000320,O000320-I1,P0005,2,191.77
O000320,O000320-I2,P0014,2,91.72
O000320,O000320-I3,P0011,3,184.43
O000320,O000320-I4,P0014,3,108.65
O000321,O000321-I1,P0007,1,430.5
O000321,O000321-I2,P0014,1,94.91
O000322,O000322-I1,P0010,3,357.74
O000322,O000322-I2,P0002,1,146.26
O000322,O000322-I3,P0011,2,181.67
O000322,O000322-I4,P0011,1,216.38
O000323,O000323-I1,P0007,2,418.31
O000324,O000324-I1,P0015,2,135.28
O000324,O000324-I2,P0001,2,963.87
O000325,O000325-I1,P0007,3,382.15
O000325,O000325-I2,P0007,3,404.5
O000325,O000325-I3,P0010,1,318.33
O000325,O000325-I4,P0001,1,819.82
O000326,O000326-I1,P0005,1,167.71
O000326,O000326-I2,P0002,2,153.23
O000326,O000326-I3,P0002,3,155.89
O000327,O000327-I1,P0002,2,144.59
O000328,O000328-I1,P0005,1,166.3
O000329,O000329-I1,P0010,3,383.44
O000329,O000329-I2,P0002,3,164.51
O000330,O000330-I1,P0007,3,439.49
O000330,O000330-I2,P0013,2,97.58
O000330,O000330-I3,P0004,3,303.66
O000331,O000331-I1,P0011,1,184.64
O000331,O000331-I2,P0015,2,153.66
O000332,O000332-I1,P0007,1,411.15
O000332,O000332-I2,P0006,3,860.6
O000332,O000332-I3,P0009,1,672.99
O000332,O000332-I4,P0010,3,353.4
O000333,O000333-I1,P0013,1,86.85
O000334,O000334-I1,P0008,3,539.48
O000334,O000334-I2,P0010,2,369.77
O000335,O000335-I1,P0009,2,741.83
O000335,O000335-I2,P0001,2,821.83
O000335,O000335-I3,P0009,1,669.17
O000336,O000336-I1,P0009,3,646.27
O000336,O000336-I2,P0006,2,936.84
O000337,O000337-I1,P0014,3,95.95
O000337,O000337-I2,P0006,1,877.26
O000337,O000337-I3,P0013,1,94.89
O000337,O000337-I4,P0005,1,177.88
O000338,O000338-I1,P0014,2,92.77
O000338,O000338-I2,P0011,1,212.78
O000338,O000338-I3,P0008,3,517.57
O000339,O000339-I1,P0001,1,933.57
O000340,O000340-I1,P0001,1,867.66
O000340,O000340-I2,P0012,1,287.1
O000340,O000340-I3,P0010,3,337.24
O000341,O000341-I1,P0002,1,141.1
O000341,O000341-I2,P0015,2,151.38
O000341,O000341-I3,P0009,2,649.73
O000342,O000342-I1,P0009,3,636.97
O000342,O000342-I2,P0001,2,819.59
O000342,O000342-I3,P0001,2,880.45
O000343,O000343-I1,P0011,3,183.05
O000343,O000343-I2,P0011,2,202.61
O000344,O000344-I1,P0005,1,167.08
O000344,O000344-I2,P0010,3,332.97
O000344,O000344-I3,P0012,2,293.43
O000344,O000344-I4,P0008,3,541.62
O000345,O000345-I1,P0001,1,873.16
O000346,O000346-I1,P0008,3,529.57
O000346,O000346-I2,P0007,2,404.39
O000347,O000347-I1,P0004,1,290.35
O000347,O000347-I2,P0004,3,305.36
O000347,O000347-I3,P0003,2,3546.95
O000347,O000347-I4,P0008,2,504.35
O000348,O000348-I1,P0002,2,140.19
O000348,O000348-I2,P0009,2,639.65
O000348,O000348-I3,P0005,1,186.57
O000348,O000348-I4,P0002,3,158.03
O000349,O000349-I1,P0004,1,323.13
O000350,O000350-I1,P0006,3,967.83
O000350,O000350-I2,P0009,2,709.74
O000350,O000350-I3,P0003,3,3363.09
O000351,O000351-I1,P0010,3,343.2
O000352,O000352-I1,P0001,3,957.63
O000353,O000353-I1,P0007,3,385.35
O000353,O000353-I2,P0009,2,686.75
O000354,O000354-I1,P0003,2,3737.87
O000354,O000354-I2,P0006,1,861.83
O000355,O000355-I1,P0011,2,218.89
O000355,O000355-I2,P0008,1,458.37
O000356,O000356-I1,P0010,2,339.77
O000356,O000356-I2,P0007,1,393.88
O000356,O000356-I3,P0007,1,406.13
O000356,O000356-I4,P0013,3,85.17
O000357,O000357-I1,P0015,3,149.4
O000358,O000358-I1,P0003,3,3518.39
O000359,O000359-I1,P0004,3,314.4
O000360,O000360-I1,P0010,1,347.72
O000360,O000360-I2,P0014,3,108.01
O000360,O000360-I3,P0009,3,732.63
O000361,O000361-I1,P0011,3,209.87
O000362,O000362-I1,P0010,2,371.52
O000363,O000363-I1,P0013,2,85.44
O000364,O000364-I1,P0010,3,366.62
O000365,O000365-I1,P0008,1,484.19
O000365,O000365-I2,P0012,1,327.93
O000366,O000366-I1,P0010,1,329.67
O000366,O000366-I2,P0011,3,213.57
O000367,O000367-I1,P0006,3,851.96
O000367,O000367-I2,P0005,3,187.3
O000367,O000367-I3,P0012,2,285.66
O000367,O000367-I4,P0012,3,322.11
O000368,O000368-I1,P0015,3,154.02
O000368,O000368-I2,P0011,2,204.32
O000368,O000368-I3,P0001,3,964.4
O000369,O000369-I1,P0007,1,401.5
O000369,O000369-I2,P0011,3,207.51
O000369,O000369-I3,P0004,1,288.7
O000369,O000369-I4,P0011,1,206.81
O000370,O000370-I1,P0006,3,826.46
O000370,O000370-I2,P0011,3,206.16
O000370,O000370-I3,P0004,1,326.92
O000370,O000370-I4,P0001,3,831.83
O000371,O000371-I1,P0014,2,95.8
O000371,O000371-I2,P0011,3,217.34
O000372,O000372-I1,P0004,1,292.87
O000372,O000372-I2,P0012,2,329.65
O000372,O000372-I3,P0005,2,196.29
O000373,O000373-I1,P0010,2,322.5
O000373,O000373-I2,P0003,3,3687.99
O000374,O000374-I1,P0002,2,158.21
O000374,O000374-I2,P0002,1,161.79
O000374,O000374-I3,P0009,1,721.3
O000375,O000375-I1,P0014,2,99.46
O000375,O000375-I2,P0009,2,748.06
O000375,O000375-I3,P0008,1,503.91
O000376,O000376-I1,P0002,2,146.92
O000376,O000376-I2,P0009,3,769.47
O000376,O000376-I3,P0015,3,137.63
O000376,O000376-I4,P0006,3,963.49
O000377,O000377-I1,P0010,2,361.15
O000377,O000377-I2,P0003,2,3637.01
O000377,O000377-I3,P0001,1,923.41
O000378,O000378-I1,P0003,3,3847.36
O000378,O000378-I2,P0003,1,3492.36
O000379,O000379-I1,P0015,3,136.19
O000379,O000379-I2,P0001,1,848.01
O000379,O000379-I3,P0006,3,930.01
O000379,O000379-I4,P0006,2,979.11
O000380,O000380-I1,P0012,2,309.13
O000381,O000381-I1,P0001,2,957.63
O000381,O000381-I2,P0010,1,346.83
O000382,O000382-I1,P0002,3,158.87
O000383,O000383-I1,P0005,1,189.41
O000383,O000383-I2,P0015,3,140.11
O000383,O000383-I3,P0009,1,646.81
O000383,O000383-I4,P0003,1,3680.18
O000384,O000384-I1,P0014,1,105.72
O000384,O000384-I2,P0001,3,920.14
O000385,O000385-I1,P0003,1,3644.61
O000386,O000386-I1,P0003,2,3438.32
O000386,O000386-I2,P0005,1,183.88
O000387,O000387-I1,P0010,2,339.25
O000388,O000388-I1,P0010,3,350.43
O000389,O000389-I1,P0003,1,3629.57
O000390,O000390-I1,P0001,2,861.22
O000391,O000391-I1,P0001,1,897.21
O000391,O000391-I2,P0012,1,274.16
O000391,O000391-I3,P0014,1,104.32
O000391,O000391-I4,P0003,3,3555.73
O000392,O000392-I1,P0012,1,284.13
O000392,O000392-I2,P0005,2,193.21
O000393,O000393-I1,P0014,1,94.23
O000394,O000394-I1,P0010,1,338.42
O000394,O000394-I2,P0015,1,155.66
O000395,O000395-I1,P0007,1,423.06
O000395,O000395-I2,P0012,3,327.06
O000395,O000395-I3,P0004,1,304.59
O000395,O000395-I4,P0005,3,192.67
O000396,O000396-I1,P0009,2,631.94
O000396,O000396-I2,P0013,2,94.15
O000397,O000397-I1,P0014,2,109.49
O000397,O000397-I2,P0014,1,109.72
O000398,O000398-I1,P0007,1,366.56
O000399,O000399-I1,P0006,1,812.78
O000399,O000399-I2,P0004,3,288.19
O000400,O000400-I1,P0007,2,410.04
O000400,O000400-I2,P0003,3,3593.28
O000400,O000400-I3,P0011,3,182.74
O000400,O000400-I4,P0003,3,3382.94
O000401,O000401-I1,P0012,2,314.04
O000401,O000401-I2,P0002,1,150.34
O000402,O000402-I1,P0006,1,926.57
O000403,O000403-I1,P0004,3,322.16
O000403,O000403-I2,P0002,3,141.2
O000403,O000403-I3,P0008,3,525.98
O000404,O000404-I1,P0005,3,191.76
O000404,O000404-I2,P0001,2,937.66
O000404,O000404-I3,P0006,3,958.46
O000404,O000404-I4,P0008,2,495.1
O000405,O000405-I1,P0003,2,3211.02
O000406,O000406-I1,P0002,1,150.52
O000406,O000406-I2,P0003,3,3165.79
O000406,O000406-I3,P0003,2,3828.59
O000407,O000407-I1,P0005,1,162.7
O000408,O000408-I1,P0009,3,727.46
O000408,O000408-I2,P0010,3,346.07
O000408,O000408-I3,P0012,2,303.93
O000408,O000408-I4,P0008,2,467.08
O000409,O000409-I1,P0003,2,3469.05
O000410,O000410-I1,P0003,3,3706.01
O000410,O000410-I2,P0003,1,3316.44
O000410,O000410-I3,P0011,1,219.64
O000411,O000411-I1,P0010,2,325.26
O000412,O000412-I1,P0014,2,108.51
O000413,O000413-I1,P0010,3,361.58
O000413,O000413-I2,P0005,3,188.12
O000413,O000413-I3,P0014,2,96.68
O000414,O000414-I1,P0005,2,184.13
O000415,O000415-I1,P0009,2,657.31
O000415,O000415-I2,P0004,1,302.2
O000416,O000416-I1,P0003,3,3402.65
O000416,O000416-I2,P0005,1,187.67
O000416,O000416-I3,P0010,2,340.78
O000416,O000416-I4,P0015,2,135.28
O000417,O000417-I1,P0004,2,314.39
O000418,O000418-I1,P0011,1,188.22
O000418,O000418-I2,P0007,2,438.96
O000418,O000418-I3,P0013,3,98.65
O000418,O000418-I4,P0009,1,760.53
O000419,O000419-I1,P0007,1,375.85
O000419,O000419-I2,P0009,2,670.43
O000419,O000419-I3,P0011,2,181.6
O000420,O000420-I1,P0004,3,319.95
O000420,O000420-I2,P0012,2,277.36
O000420,O000420-I3,P0003,3,3774.77
O000420,O000420-I4,P0005,2,168.36
O000421,O000421-I1,P0009,2,711.25
O000422,O000422-I1,P0006,3,913.45
O000423,O000423-I1,P0014,2,102.62
O000423,O000423-I2,P0003,2,3184.01
O000423,O000423-I3,P0003,2,3520.63
O000423,O000423-I4,P0005,1,180.4
O000424,O000424-I1,P0014,2,95.33
O000424,O000424-I2,P0013,3,93.29
O000424,O000424-I3,P0011,1,201.28
O000425,O000425-I1,P0006,1,828.34
O000425,O000425-I2,P0008,1,500.24
O000425,O000425-I3,P0006,1,953.01
O000426,O000426-I1,P0014,2,103.72
O000426,O000426-I2,P0008,1,531.6
O000427,O000427-I1,P0004,3,278.45
O000428,O000428-I1,P0007,1,366.13
O000429,O000429-I1,P0012,3,305.49
O000430,O000430-I1,P0011,3,188.12
O000430,O000430-I2,P0012,1,280.99
O000430,O000430-I3,P0012,2,271.66
O000431,O000431-I1,P0006,3,853.43
O000431,O000431-I2,P0013,3,82.14
O000431,O000431-I3,P0012,3,315.69
O000432,O000432-I1,P0015,1,162.62
O000433,O000433-I1,P0003,2,3836.8
O000434,O000434-I1,P0002,2,156.04
O000434,O000434-I2,P0002,3,156.56
O000434,O000434-I3,P0003,1,3379.58
O000435,O000435-I1,P0011,2,191.53
O000435,O000435-I2,P0013,2,84.3
O000435,O000435-I3,P0004,1,323.58
O000436,O000436-I1,P0011,1,185.64
O000436,O000436-I2,P0006,2,935.0
O000436,O000436-I3,P0008,1,524.04
O000436,O000436-I4,P0011,1,182.5
O000437,O000437-I1,P0002,3,157.87
O000437,O000437-I2,P0013,3,85.82
O000437,O000437-I3,P0011,3,217.62
O000437,O000437-I4,P0005,2,179.03
O000438,O000438-I1,P0002,1,135.8
O000438,O000438-I2,P0004,3,273.08
O000438,O000438-I3,P0008,1,499.71
O000438,O000438-I4,P0010,1,382.94
O000439,O000439-I1,P0012,3,314.99
O000440,O000440-I1,P0008,3,451.68
O000440,O000440-I2,P0004,1,329.33
O000440,O000440-I3,P0006,1,878.96
O000440,O000440-I4,P0013,2,96.24
O000441,O000441-I1,P0014,2,104.21
O000441,O000441-I2,P0003,2,3684.7
O000441,O000441-I3,P0007,3,413.9
O000442,O000442-I1,P0004,2,289.13
O000442,O000442-I2,P0009,1,712.56
O000442,O000442-I3,P0006,1,960.54
O000442,O000442-I4,P0011,2,212.28
O000443,O000443-I1,P0007,2,392.86
O000444,O000444-I1,P0009,2,645.93
O000444,O000444-I2,P0014,1,90.3
O000444,O000444-I3,P0001,2,816.64
O000445,O000445-I1,P0009,3,643.59
O000445,O000445-I2,P0015,2,137.91
O000445,O000445-I3,P0006,3,846.97
O000445,O000445-I4,P0006,2,900.4
O000446,O000446-I1,P0004,3,282.75
O000446,O000446-I2,P0010,2,318.24
O000446,O000446-I3,P0015,3,146.96
O000446,O000446-I4,P0002,1,153.63
O000447,O000447-I1,P0005,2,169.46
O000447,O000447-I2,P0009,1,721.11
O000447,O000447-I3,P0008,2,500.36
O000448,O000448-I1,P0007,1,430.36
O000448,O000448-I2,P0010,3,364.13
O000448,O000448-I3,P0007,1,406.05
O000448,O000448-I4,P0012,1,309.55
O000449,O000449-I1,P0015,2,139.34
O000449,O000449-I2,P0011,1,209.75
O000449,O000449-I3,P0001,2,961.84
O000449,O000449-I4,P0004,2,289.02
O000450,O000450-I1,P0010,2,331.6
O000450,O000450-I2,P0004,1,281.42
O000450,O000450-I3,P0010,1,370.69
O000451,O000451-I1,P0010,2,370.17
O000451,O000451-I2,P0001,2,928.46
O000451,O000451-I3,P0003,1,3600.9
O000451,O000451-I4,P0003,1,3824.54
O000452,O000452-I1,P0005,2,193.11
O000453,O000453-I1,P0015,3,149.91
O000453,O000453-I2,P0011,1,200.78
O000453,O000453-I3,P0003,3,3814.66
O000453,O000453-I4,P0002,3,142.46
O000454,O000454-I1,P0005,3,188.68
O000454,O000454-I2,P0009,2,660.43
O000454,O000454-I3,P0006,1,841.43
O000455,O000455-I1,P0008,2,519.86
O000456,O000456-I1,P0015,1,145.79
O000456,O000456-I2,P0014,3,97.26
O000457,O000457-I1,P0011,3,189.49
O000458,O000458-I1,P0009,1,749.96
O000459,O000459-I1,P0005,2,169.48
O000459,O000459-I2,P0015,1,162.37
O000459,O000459-I3,P0012,3,288.93
O000460,O000460-I1,P0008,1,532.33
O000460,O000460-I2,P0007,3,380.78
O000460,O000460-I3,P0013,1,87.24
O000460,O000460-I4,P0011,3,209.06
O000461,O000461-I1,P0010,1,315.13
O000461,O000461-I2,P0012,1,307.6
O000462,O000462-I1,P0013,2,89.03
O000462,O000462-I2,P0011,3,185.25
O000463,O000463-I1,P0002,2,161.18
O000463,O000463-I2,P0006,3,850.31
O000464,O000464-I1,P0015,1,142.76
O000465,O000465-I1,P0003,3,3232.05
O000465,O000465-I2,P0015,3,150.67
O000465,O000465-I3,P0003,2,3728.97
O000466,O000466-I1,P0005,1,183.5
O000466,O000466-I2,P0008,2,522.57
O000466,O000466-I3,P0002,1,147.45
O000467,O000467-I1,P0004,3,310.95
O000467,O000467-I2,P0007,2,366.77
O000467,O000467-I3,P0004,2,277.9
O000468,O000468-I1,P0011,1,181.99
O000468,O000468-I2,P0012,1,298.16
O000468,O000468-I3,P0004,2,329.69
O000468,O000468-I4,P0002,3,163.91
O000469,O000469-I1,P0015,3,136.14
O000469,O000469-I2,P0011,1,190.32
O000469,O000469-I3,P0002,3,149.69
O000470,O000470-I1,P0003,2,3673.37
O000470,O000470-I2,P0002,2,143.39
O000470,O000470-I3,P0001,2,920.23
O000470,O000470-I4,P0002,2,150.41
O000471,O000471-I1,P0009,3,741.64
O000471,O000471-I2,P0014,1,93.68
O000472,O000472-I1,P0011,2,181.54
O000472,O000472-I2,P0007,2,439.0
O000473,O000473-I1,P0002,2,140.33
O000473,O000473-I2,P0002,1,157.39
O000474,O000474-I1,P0008,3,467.96
O000475,O000475-I1,P0001,2,877.14
O000475,O000475-I2,P0011,1,213.37
O000475,O000475-I3,P0011,1,181.06
O000476,O000476-I1,P0009,3,717.03
O000476,O000476-I2,P0001,2,868.39
O000476,O000476-I3,P0015,3,164.88
O000477,O000477-I1,P0005,3,175.63
O000477,O000477-I2,P0001,2,855.83
O000477,O000477-I3,P0002,1,163.84
O000478,O000478-I1,P0005,2,190.73
O000478,O000478-I2,P0012,3,318.28
O000478,O000478-I3,P0010,2,378.15
O000478,O000478-I4,P0002,3,138.85
O000479,O000479-I1,P0014,2,106.11
O000479,O000479-I2,P0008,3,468.54
O000479,O000479-I3,P0009,3,689.54
O000479,O000479-I4,P0007,1,400.97
O000480,O000480-I1,P0014,3,100.39
O000480,O000480-I2,P0008,2,496.72
O000481,O000481-I1,P0011,1,200.82
O000481,O000481-I2,P0005,2,182.37
O000482,O000482-I1,P0002,2,152.47
O000482,O000482-I2,P0010,3,316.05
O000482,O000482-I3,P0009,3,722.52
O000482,O000482-I4,P0004,1,317.06
O000483,O000483-I1,P0005,2,184.35
O000483,O000483-I2,P0011,2,193.56
O000483,O000483-I3,P0012,1,282.57
O000484,O000484-I1,P0007,1,360.38
O000485,O000485-I1,P0014,3,106.16
O000485,O000485-I2,P0015,3,145.72
O000485,O000485-I3,P0010,3,382.31
O000485,O000485-I4,P0008,3,489.4
O000486,O000486-I1,P0013,3,98.36
O000487,O000487-I1,P0007,3,375.18
O000487,O000487-I2,P0010,2,368.78
O000488,O000488-I1,P0012,2,298.19
O000488,O000488-I2,P0007,2,406.72
O000489,O000489-I1,P0002,3,147.86
O000490,O000490-I1,P0001,3,919.97
O000490,O000490-I2,P0006,3,972.81
O000490,O000490-I3,P0008,2,473.1
O000491,O000491-I1,P0005,3,176.92
O000492,O000492-I1,P0007,3,375.28
O000492,O000492-I2,P0007,2,394.95
O000492,O000492-I3,P0003,3,3303.7
O000493,O000493-I1,P0011,3,206.0
O000493,O000493-I2,P0006,2,953.17
O000493,O000493-I3,P0007,1,409.64
O000494,O000494-I1,P0003,2,3220.54
O000494,O000494-I2,P0003,2,3810.03
O000495,O000495-I1,P0006,2,874.17
O000496,O000496-I1,P0006,1,921.06
O000497,O000497-I1,P0012,3,285.95
O000497,O000497-I2,P0012,1,321.1
O000497,O000497-I3,P0012,3,306.16
O000498,O000498-I1,P0015,3,153.19
O000499,O000499-I1,P0010,2,325.9
O000499,O000499-I2,P0014,2,104.06
O000500,O000500-I1,P0006,2,984.43
O000500,O000500-I2,P0003,1,3321.63
O000500,O000500-I3,P0013,2,87.05
O000501,O000501-I1,P0006,2,951.59
O000501,O000501-I2,P0010,1,371.02
O000501,O000501-I3,P0003,2,3792.51
O000501,O000501-I4,P0012,2,327.0
O000502,O000502-I1,P0002,2,146.95
O000503,O000503-I1,P0014,3,109.49
O000503,O000503-I2,P0001,3,967.54
O000504,O000504-I1,P0011,2,215.9
O000504,O000504-I2,P0005,3,195.03
O000504,O000504-I3,P0006,3,882.61
O000505,O000505-I1,P0014,1,107.51
O000505,O000505-I2,P0012,1,272.13
O000505,O000505-I3,P0007,2,391.1
O000506,O000506-I1,P0008,1,538.92
O000506,O000506-I2,P0012,3,305.45
O000506,O000506-I3,P0003,1,3732.45
O000507,O000507-I1,P0013,2,92.18
O000508,O000508-I1,P0005,3,197.49
O000508,O000508-I2,P0012,3,312.77
O000508,O000508-I3,P0007,3,413.14
O000508,O000508-I4,P0015,3,141.92
O000509,O000509-I1,P0008,2,495.33
O000509,O000509-I2,P0004,1,312.59
O000509,O000509-I3,P0005,2,164.86
O000509,O000509-I4,P0009,1,689.39
O000510,O000510-I1,P0009,2,719.0
O000510,O000510-I2,P0008,2,518.8
O000510,O000510-I3,P0006,2,941.6
O000510,O000510-I4,P0004,2,319.32
O000511,O000511-I1,P0015,3,138.45
O000511,O000511-I2,P0008,1,495.44
O000512,O000512-I1,P0010,2,322.63
O000513,O000513-I1,P0006,2,864.49
O000514,O000514-I1,P0001,3,897.88
O000514,O000514-I2,P0014,1,100.85
O000514,O000514-I3,P0014,1,107.3
O000514,O000514-I4,P0004,2,298.77
O000515,O000515-I1,P0013,3,89.2
O000515,O000515-I2,P0013,2,92.91
O000515,O000515-I3,P0002,1,160.88
O000515,O000515-I4,P0003,2,3212.43
O000516,O000516-I1,P0015,2,156.97
O000517,O000517-I1,P0009,1,763.61
O000517,O000517-I2,P0002,3,152.2
O000517,O000517-I3,P0009,1,763.91
O000518,O000518-I1,P0010,3,327.49
O000519,O000519-I1,P0002,2,160.75
O000519,O000519-I2,P0009,1,677.5
O000519,O000519-I3,P0005,1,176.84
O000519,O000519-I4,P0009,3,674.34
O000520,O000520-I1,P0003,2,3816.41
O000520,O000520-I2,P0004,3,280.06
O000520,O000520-I3,P0002,3,163.72
O000521,O000521-I1,P0005,2,194.04
O000522,O000522-I1,P0012,2,300.42
O000522,O000522-I2,P0009,3,683.81
O000523,O000523-I1,P0001,1,858.35
O000523,O000523-I2,P0001,3,931.41
O000523,O000523-I3,P0010,1,368.3
O000523,O000523-I4,P0014,3,105.6
O000524,O000524-I1,P0012,3,329.01
O000524,O000524-I2,P0003,1,3526.17
O000525,O000525-I1,P0015,1,162.9
O000525,O000525-I2,P0010,2,334.04
O000525,O000525-I3,P0010,2,373.66
O000525,O000525-I4,P0003,2,3849.36
O000526,O000526-I1,P0012,2,275.29
O000526,O000526-I2,P0009,3,647.12
O000527,O000527-I1,P0010,2,376.77
O000527,O000527-I2,P0015,2,153.95
O000528,O000528-I1,P0004,3,277.93
O000528,O000528-I2,P0015,1,153.16
O000528,O000528-I3,P0005,1,194.34
O000529,O000529-I1,P0009,1,754.85
O000529,O000529-I2,P0012,3,296.61
O000529,O000529-I3,P0010,1,339.61
O000529,O000529-I4,P0002,2,159.72
O000530,O000530-I1,P0007,1,395.47
O000531,O000531-I1,P0003,3,3304.71
O000531,O000531-I2,P0013,2,98.3
O000531,O000531-I3,P0010,1,334.56
O000532,O000532-I1,P0009,3,733.33
O000532,O000532-I2,P0008,3,518.13
O000532,O000532-I3,P0009,3,654.48
O000533,O000533-I1,P0014,2,93.74
O000533,O000533-I2,P0011,3,180.83
O000534,O000534-I1,P0010,2,374.0
O000534,O000534-I2,P0015,2,143.13
O000534,O000534-I3,P0001,3,903.19
O000534,O000534-I4,P0015,2,145.75
O000535,O000535-I1,P0008,3,530.66
O000535,O000535-I2,P0005,3,170.03
O000535,O000535-I3,P0006,3,886.19
O000535,O000535-I4,P0006,1,974.95
O000536,O000536-I1,P0001,2,955.34
O000537,O000537-I1,P0015,2,150.49
O000537,O000537-I2,P0013,1,97.87
O000538,O000538-I1,P0002,1,162.39
O000539,O000539-I1,P0001,1,864.17
O000539,O000539-I2,P0013,3,88.67
O000540,O000540-I1,P0007,3,409.82
O000540,O000540-I2,P0010,2,341.78
O000540,O000540-I3,P0007,2,430.29
O000540,O000540-I4,P0013,3,82.73
O000541,O000541-I1,P0002,3,156.29
O000542,O000542-I1,P0007,1,370.92
O000542,O000542-I2,P0011,1,182.33
O000542,O000542-I3,P0007,2,406.66
O000543,O000543-I1,P0008,2,486.79
O000543,O000543-I2,P0010,1,351.14
O000544,O000544-I1,P0007,1,438.01
O000545,O000545-I1,P0011,3,202.54
O000545,O000545-I2,P0015,2,153.38
O000545,O000545-I3,P0009,2,675.91
O000545,O000545-I4,P0005,1,178.26
O000546,O000546-I1,P0007,2,418.66
O000546,O000546-I2,P0004,2,318.33
O000547,O000547-I1,P0006,1,874.32
O000548,O000548-I1,P0001,1,849.32
O000548,O000548-I2,P0001,2,939.29
O000548,O000548-I3,P0003,2,3743.17
O000549,O000549-I1,P0014,2,102.99
O000549,O000549-I2,P0001,1,870.81
O000549,O000549-I3,P0011,1,192.11
O000550,O000550-I1,P0014,1,93.74
O000550,O000550-I2,P0001,2,934.88
O000550,O000550-I3,P0003,2,3569.58
O000550,O000550-I4,P0014,3,94.8
O000551,O000551-I1,P0012,2,322.26
O000551,O000551-I2,P0005,3,196.75
O000551,O000551-I3,P0001,2,847.57
O000552,O000552-I1,P0008,3,525.01
O000552,O000552-I2,P0012,2,299.82
O000553,O000553-I1,P0011,3,205.89
O000553,O000553-I2,P0008,1,471.86
O000553,O000553-I3,P0005,1,178.18
O000553,O000553-I4,P0007,1,391.57
O000554,O000554-I1,P0004,2,296.57
O000554,O000554-I2,P0002,2,141.81
O000554,O000554-I3,P0012,1,297.82
O000555,O000555-I1,P0013,1,88.85
O000555,O000555-I2,P0005,2,185.13
O000555,O000555-I3,P0006,2,972.16
O000556,O000556-I1,P0012,1,275.81
O000557,O000557-I1,P0011,3,212.52
O000557,O000557-I2,P0004,3,320.62
O000558,O000558-I1,P0001,2,980.14
O000558,O000558-I2,P0005,3,189.18
O000558,O000558-I3,P0013,1,89.4
O000559,O000559-I1,P0008,3,525.66
O000559,O000559-I2,P0008,3,531.33
O000560,O000560-I1,P0012,3,271.72
O000560,O000560-I2,P0011,1,203.0
O000560,O000560-I3,P0004,1,288.24
O000560,O000560-I4,P0007,3,360.68
O000561,O000561-I1,P0012,3,317.02
O000561,O000561-I2,P0011,1,186.05
O000561,O000561-I3,P0005,2,182.35
O000561,O000561-I4,P0009,3,757.82
O000562,O000562-I1,P0003,2,3215.18
O000562,O000562-I2,P0002,1,155.14
O000562,O000562-I3,P0009,1,634.4
O000562,O000562-I4,P0007,3,408.17
O000563,O000563-I1,P0005,1,175.17
O000563,O000563-I2,P0004,1,280.22
O000563,O000563-I3,P0010,2,342.28
O000563,O000563-I4,P0002,1,138.78
O000564,O000564-I1,P0002,2,159.43
O000564,O000564-I2,P0004,3,298.39
O000565,O000565-I1,P0005,2,183.67
O000565,O000565-I2,P0001,1,904.55
O000565,O000565-I3,P0003,3,3765.36
O000565,O000565-I4,P0001,2,893.19
O000566,O000566-I1,P0006,1,884.61
O000566,O000566-I2,P0013,1,97.09
O000566,O000566-I3,P0012,3,295.83
O000566,O000566-I4,P0006,2,973.84
O000567,O000567-I1,P0004,1,286.33
O000568,O000568-I1,P0014,3,92.33
O000568,O000568-I2,P0007,2,366.03
O000569,O000569-I1,P0004,2,271.51
O000569,O000569-I2,P0008,3,519.34
O000570,O000570-I1,P0001,3,944.66
O000570,O000570-I2,P0004,2,297.58
O000570,O000570-I3,P0011,1,201.84
O000570,O000570-I4,P0003,1,3649.4
O000571,O000571-I1,P0013,1,86.2
O000571,O000571-I2,P0010,3,366.8
O000572,O000572-I1,P0007,3,362.66
O000572,O000572-I2,P0003,3,3522.51
O000573,O000573-I1,P0006,2,889.82
O000574,O000574-I1,P0006,1,812.8
O000574,O000574-I2,P0004,1,329.25
O000575,O000575-I1,P0015,3,139.94
O000575,O000575-I2,P0002,1,136.23
O000576,O000576-I1,P0010,2,380.62
O000576,O000576-I2,P0015,1,141.88
O000577,O000577-I1,P0001,3,956.61
O000577,O000577-I2,P0004,3,307.33
O000577,O000577-I3,P0004,1,273.95
O000578,O000578-I1,P0011,3,186.76
O000579,O000579-I1,P0005,3,173.35
O000579,O000579-I2,P0010,3,348.65
O000580,O000580-I1,P0008,1,473.17
O000580,O000580-I2,P0011,3,210.25
O000581,O000581-I1,P0001,2,899.67
O000582,O000582-I1,P0014,2,104.68
O000582,O000582-I2,P0009,2,648.7
O000583,O000583-I1,P0010,2,338.89
O000583,O000583-I2,P0005,1,181.31
O000583,O000583-I3,P0001,3,987.8
O000583,O000583-I4,P0013,3,93.43
O000584,O000584-I1,P0007,2,365.51
O000584,O000584-I2,P0001,1,819.29
O000585,O000585-I1,P0004,3,297.93
O000585,O000585-I2,P0002,1,156.55
O000586,O000586-I1,P0009,2,641.11
O000586,O000586-I2,P0015,2,146.85
O000586,O000586-I3,P0004,1,298.14
O000587,O000587-I1,P0001,2,917.03
O000587,O000587-I2,P0006,1,909.41
O000587,O000587-I3,P0013,1,85.54
O000587,O000587-I4,P0012,2,288.25
O000588,O000588-I1,P0003,1,3152.84
O000588,O000588-I2,P0008,3,522.93
O000588,O000588-I3,P0003,2,3493.92
O000589,O000589-I1,P0010,1,384.36
O000589,O000589-I2,P0009,1,683.78
O000589,O000589-I3,P0007,3,372.9
O000590,O000590-I1,P0010,2,366.39
O000590,O000590-I2,P0006,1,895.89
O000590,O000590-I3,P0001,2,923.47
O000590,O000590-I4,P0006,3,815.0
O000591,O000591-I1,P0004,3,320.38
O000591,O000591-I2,P0010,1,323.08
O000592,O000592-I1,P0008,1,537.49
O000593,O000593-I1,P0009,1,645.21
O000593,O000593-I2,P0012,3,316.5
O000593,O000593-I3,P0012,2,318.75
O000593,O000593-I4,P0014,2,104.87
O000594,O000594-I1,P0001,3,861.81
O000594,O000594-I2,P0002,2,140.03
O000594,O000594-I3,P0011,2,187.36
O000594,O000594-I4,P0008,1,469.71
O000595,O000595-I1,P0003,1,3716.32
O000595,O000595-I2,P0001,1,856.59
O000596,O000596-I1,P0002,1,143.21
O000596,O000596-I2,P0002,2,135.8
O000597,O000597-I1,P0001,1,929.65
O000598,O000598-I1,P0010,2,367.88
O000598,O000598-I2,P0015,3,147.79
O000598,O000598-I3,P0012,2,310.81
O000598,O000598-I4,P0014,2,109.88
O000599,O000599-I1,P0015,2,159.08
O000600,O000600-I1,P0001,3,860.21
O000600,O000600-I2,P0002,3,157.44
O000601,O000601-I1,P0008,2,451.57
O000601,O000601-I2,P0010,2,376.03
O000601,O000601-I3,P0001,3,868.5
O000601,O000601-I4,P0010,2,331.25
O000602,O000602-I1,P0007,3,428.46
O000602,O000602-I2,P0014,1,104.58
O000602,O000602-I3,P0014,2,102.04
O000603,O000603-I1,P0002,1,143.94
O000604,O000604-I1,P0010,3,363.89
O000604,O000604-I2,P0004,1,295.99
O000604,O000604-I3,P0004,3,271.66
O000604,O000604-I4,P0012,2,324.05
O000605,O000605-I1,P0010,3,359.25
O000606,O000606-I1,P0014,3,91.2
O000606,O000606-I2,P0012,2,292.52
O000607,O000607-I1,P0013,1,87.03
O000607,O000607-I2,P0004,3,326.12
O000607,O000607-I3,P0002,3,163.15
O000607,O000607-I4,P0002,3,145.93
O000608,O000608-I1,P0013,2,94.78
O000608,O000608-I2,P0015,3,162.91
O000609,O000609-I1,P0006,3,963.32
O000610,O000610-I1,P0011,3,181.28
O000610,O000610-I2,P0003,2,3366.13
O000610,O000610-I3,P0005,3,166.35
O000610,O000610-I4,P0012,3,304.34
O000611,O000611-I1,P0015,2,139.49
O000612,O000612-I1,P0014,1,107.03
O000613,O000613-I1,P0015,2,147.57
O000613,O000613-I2,P0009,2,768.53
O000614,O000614-I1,P0011,2,183.8
O000614,O000614-I2,P0003,2,3676.48
O000614,O000614-I3,P0013,3,96.48
O000615,O000615-I1,P0009,2,670.66
O000615,O000615-I2,P0007,1,376.69
O000616,O000616-I1,P0011,1,194.96
O000617,O000617-I1,P0006,2,842.24
O000618,O000618-I1,P0015,1,146.8
O000618,O000618-I2,P0010,2,363.06
O000618,O000618-I3,P0007,1,412.12
O000618,O000618-I4,P0001,2,949.55
O000619,O000619-I1,P0006,3,973.42
O000619,O000619-I2,P0002,1,135.6
O000619,O000619-I3,P0002,3,164.51
O000619,O000619-I4,P0008,2,477.28
O000620,O000620-I1,P0005,3,168.56
O000620,O000620-I2,P0002,3,135.5
O000620,O000620-I3,P0005,3,191.32
O000620,O000620-I4,P0011,3,199.44
O000621,O000621-I1,P0003,3,3636.55
O000622,O000622-I1,P0009,1,708.65
O000622,O000622-I2,P0010,1,320.83
O000623,O000623-I1,P0007,1,379.77
O000623,O000623-I2,P0015,1,163.28
O000624,O000624-I1,P0011,3,200.32
O000624,O000624-I2,P0008,3,459.81
O000624,O000624-I3,P0015,1,142.02
O000624,O000624-I4,P0006,1,835.41
O000625,O000625-I1,P0005,3,171.08
O000625,O000625-I2,P0011,2,205.89
O000625,O000625-I3,P0007,1,391.91
O000626,O000626-I1,P0009,3,667.62
O000626,O000626-I2,P0002,3,155.8
O000627,O000627-I1,P0007,2,390.22
O000627,O000627-I2,P0003,3,3323.15
O000628,O000628-I1,P0001,2,836.25
O000628,O000628-I2,P0010,1,334.06
O000628,O000628-I3,P0006,1,877.79
O000628,O000628-I4,P0006,1,878.06
O000629,O000629-I1,P0009,2,727.96
O000629,O000629-I2,P0013,2,90.83
O000629,O000629-I3,P0002,3,137.88
O000630,O000630-I1,P0008,1,515.65
O000630,O000630-I2,P0002,1,146.27
O000630,O000630-I3,P0001,3,858.03
O000630,O000630-I4,P0008,3,513.82
O000631,O000631-I1,P0011,3,191.38
O000631,O000631-I2,P0003,2,3514.32
O000631,O000631-I3,P0015,3,161.33
O000631,O000631-I4,P0012,1,288.22
O000632,O000632-I1,P0002,1,163.24
O000633,O000633-I1,P0013,3,83.36
O000633,O000633-I2,P0001,2,902.6
O000633,O000633-I3,P0015,3,161.53
O000633,O000633-I4,P0011,3,184.9
O000634,O000634-I1,P0004,3,310.94
O000634,O000634-I2,P0012,1,306.34
O000634,O000634-I3,P0015,1,155.13
O000635,O000635-I1,P0015,2,163.98
O000635,O000635-I2,P0007,2,433.02
O000635,O000635-I3,P0006,1,959.6
O000636,O000636-I1,P0001,2,849.05
O000636,O000636-I2,P0010,2,379.93
O000637,O000637-I1,P0006,3,892.76
O000638,O000638-I1,P0007,2,399.26
O000638,O000638-I2,P0001,1,905.14
O000639,O000639-I1,P0004,2,323.42
O000639,O000639-I2,P0006,3,955.97
O000639,O000639-I3,P0005,1,197.51
O000640,O000640-I1,P0006,3,845.63
O000641,O000641-I1,P0014,2,109.08
O000641,O000641-I2,P0003,2,3233.06
O000641,O000641-I3,P0003,2,3534.99
O000642,O000642-I1,P0002,2,149.9
O000642,O000642-I2,P0015,3,142.0
O000642,O000642-I3,P0012,3,319.68
O000642,O000642-I4,P0002,2,164.18
O000643,O000643-I1,P0012,1,306.95
O000644,O000644-I1,P0010,2,364.35
O000644,O000644-I2,P0007,1,415.99
O000645,O000645-I1,P0004,1,286.34
O000645,O000645-I2,P0002,1,162.76
O000646,O000646-I1,P0006,3,865.06
O000647,O000647-I1,P0010,2,364.71
O000647,O000647-I2,P0005,1,173.42
O000647,O000647-I3,P0005,1,168.45
O000647,O000647-I4,P0005,1,163.79
O000648,O000648-I1,P0007,2,435.76
O000649,O000649-I1,P0011,1,193.15
O000650,O000650-I1,P0004,1,323.12
O000650,O000650-I2,P0005,1,184.56
O000650,O000650-I3,P0009,3,646.76
O000651,O000651-I1,P0015,3,145.19
O000652,O000652-I1,P0002,2,151.41
O000653,O000653-I1,P0007,1,398.53
O000653,O000653-I2,P0011,3,217.14
O000653,O000653-I3,P0014,3,105.71
O000654,O000654-I1,P0001,3,844.14
O000654,O000654-I2,P0009,2,699.2
O000654,O000654-I3,P0012,3,322.11
O000655,O000655-I1,P0007,1,407.27
O000655,O000655-I2,P0005,1,193.54
O000655,O000655-I3,P0003,3,3468.71
O000655,O000655-I4,P0003,3,3654.3
O000656,O000656-I1,P0009,1,670.76
O000656,O000656-I2,P0003,3,3253.6
O000656,O000656-I3,P0001,2,976.8
O000657,O000657-I1,P0015,1,134.95
O000657,O000657-I2,P0004,2,307.86
O000658,O000658-I1,P0011,2,219.3
O000658,O000658-I2,P0007,3,425.17
O000658,O000658-I3,P0010,2,330.26
O000659,O000659-I1,P0011,3,195.18
O000660,O000660-I1,P0013,2,84.58
O000660,O000660-I2,P0004,3,318.36
O000661,O000661-I1,P0006,1,956.7
O000661,O000661-I2,P0014,1,93.68
O000661,O000661-I3,P0002,2,163.19
O000661,O000661-I4,P0003,1,3603.19
O000662,O000662-I1,P0002,1,148.55
O000662,O000662-I2,P0002,3,164.0
O000663,O000663-I1,P0010,2,341.78
O000664,O000664-I1,P0004,1,326.21
O000664,O000664-I2,P0002,3,135.31
O000665,O000665-I1,P0013,3,96.96
O000665,O000665-I2,P0002,1,144.13
O000665,O000665-I3,P0003,2,3258.07
O000666,O000666-I1,P0001,1,828.41
O000667,O000667-I1,P0001,1,873.5
O000667,O000667-I2,P0007,2,377.98
O000668,O000668-I1,P0004,2,291.34
O000669,O000669-I1,P0003,3,3276.86
O000669,O000669-I2,P0008,2,464.93
O000670,O000670-I1,P0005,2,185.72
O000671,O000671-I1,P0013,1,94.89
O000672,O000672-I1,P0013,1,82.54
O000672,O000672-I2,P0002,1,140.36
O000672,O000672-I3,P0007,2,388.11
O000672,O000672-I4,P0011,2,196.85
O000673,O000673-I1,P0006,3,905.98
O000673,O000673-I2,P0009,3,704.97
O000674,O000674-I1,P0011,1,188.04
O000674,O000674-I2,P0004,1,291.65
O000675,O000675-I1,P0006,1,862.95
O000675,O000675-I2,P0013,1,95.93
O000675,O000675-I3,P0012,3,328.2
O000676,O000676-I1,P0002,1,146.23
O000676,O000676-I2,P0011,1,207.74
O000677,O000677-I1,P0008,3,536.94
O000678,O000678-I1,P0001,2,836.86
O000679,O000679-I1,P0008,3,519.42
O000679,O000679-I2,P0011,2,184.36
O000679,O000679-I3,P0007,1,430.38
O000680,O000680-I1,P0006,2,932.28
O000681,O000681-I1,P0011,1,200.76
O000681,O000681-I2,P0007,1,419.35
O000681,O000681-I3,P0003,2,3583.23
O000682,O000682-I1,P0013,2,89.49
O000683,O000683-I1,P0010,1,340.29
O000683,O000683-I2,P0003,2,3169.54
O000683,O000683-I3,P0002,2,139.79
O000684,O000684-I1,P0003,1,3338.32
O000684,O000684-I2,P0004,3,303.79
O000684,O000684-I3,P0014,3,109.62
O000685,O000685-I1,P0001,2,899.94
O000685,O000685-I2,P0006,2,945.23
O000685,O000685-I3,P0005,3,174.71
O000686,O000686-I1,P0008,1,452.28
O000687,O000687-I1,P0011,3,183.64
O000687,O000687-I2,P0002,3,141.85
O000688,O000688-I1,P0015,3,153.16
O000688,O000688-I2,P0008,3,542.91
O000689,O000689-I1,P0010,3,369.09
O000689,O000689-I2,P0015,2,142.08
O000689,O000689-I3,P0001,3,919.14
O000690,O000690-I1,P0003,2,3532.89
O000691,O000691-I1,P0003,1,3199.7
O000691,O000691-I2,P0005,3,189.68
O000691,O000691-I3,P0006,2,987.4
O000692,O000692-I1,P0015,2,136.1
O000692,O000692-I2,P0015,2,146.93
O000693,O000693-I1,P0006,2,967.83
O000693,O000693-I2,P0011,3,181.62
O000693,O000693-I3,P0008,3,455.61
O000694,O000694-I1,P0005,1,182.42
O000695,O000695-I1,P0007,2,368.64
O000695,O000695-I2,P0010,1,366.12
O000695,O000695-I3,P0014,2,105.26
O000696,O000696-I1,P0004,3,279.25
O000696,O000696-I2,P0012,2,278.64
O000696,O000696-I3,P0002,1,144.51
O000696,O000696-I4,P0007,1,438.92
O000697,O000697-I1,P0004,2,286.1
O000697,O000697-I2,P0004,3,280.47
O000697,O000697-I3,P0001,1,822.38
O000697,O000697-I4,P0012,2,274.81
O000698,O000698-I1,P0003,2,3389.32
O000698,O000698-I2,P0001,2,839.52
O000698,O000698-I3,P0014,2,108.73
O000699,O000699-I1,P0006,3,845.65
O000699,O000699-I2,P0011,3,206.62
O000699,O000699-I3,P0006,3,835.94
O000699,O000699-I4,P0001,3,987.44
O000700,O000700-I1,P0013,3,93.9
O000700,O000700-I2,P0002,2,163.19
O000700,O000700-I3,P0015,1,153.93
O000700,O000700-I4,P0007,3,437.45
O000701,O000701-I1,P0010,1,381.56
O000701,O000701-I2,P0004,3,304.51
O000702,O000702-I1,P0008,3,549.79
O000702,O000702-I2,P0014,2,98.11
O000702,O000702-I3,P0011,2,213.02
O000703,O000703-I1,P0007,3,407.49
O000703,O000703-I2,P0006,3,888.36
O000704,O000704-I1,P0011,1,219.7
O000704,O000704-I2,P0015,1,137.6
O000704,O000704-I3,P0014,1,102.22
O000705,O000705-I1,P0010,3,355.58
O000706,O000706-I1,P0009,2,765.36
O000706,O000706-I2,P0002,2,147.29
O000706,O000706-I3,P0013,3,93.56
O000706,O000706-I4,P0015,3,146.78
O000707,O000707-I1,P0005,3,170.6
O000707,O000707-I2,P0014,2,90.56
O000707,O000707-I3,P0014,1,92.97
O000708,O000708-I1,P0006,1,909.93
O000708,O000708-I2,P0015,2,140.69
O000708,O000708-I3,P0015,3,146.7
O000709,O000709-I1,P0015,2,141.83
O000709,O000709-I2,P0003,3,3710.71
O000709,O000709-I3,P0014,3,92.28
O000709,O000709-I4,P0008,3,528.32
O000710,O000710-I1,P0002,1,153.76
O000710,O000710-I2,P0001,3,837.46
O000711,O000711-I1,P0015,2,140.5
O000711,O000711-I2,P0010,3,377.75
O000712,O000712-I1,P0012,3,271.3
O000712,O000712-I2,P0010,3,375.58
O000712,O000712-I3,P0005,1,178.43
O000712,O000712-I4,P0015,3,138.59
O000713,O000713-I1,P0013,1,88.35
O000713,O000713-I2,P0014,2,109.08
O000713,O000713-I3,P0004,1,282.52
O000713,O000713-I4,P0002,2,146.16
O000714,O000714-I1,P0005,3,182.32
O000714,O000714-I2,P0014,3,106.99
O000715,O000715-I1,P0003,3,3328.06
O000716,O000716-I1,P0004,1,271.68
O000716,O000716-I2,P0006,1,849.46
O000717,O000717-I1,P0006,3,927.24
O000718,O000718-I1,P0014,3,95.53
O000718,O000718-I2,P0004,2,276.08
O000718,O000718-I3,P0003,3,3368.01
O000718,O000718-I4,P0013,1,98.06
O000719,O000719-I1,P0013,2,84.5
O000719,O000719-I2,P0010,2,341.08
O000719,O000719-I3,P0010,3,372.25
O000720,O000720-I1,P0009,3,762.94
O000720,O000720-I2,P0005,3,174.58
O000720,O000720-I3,P0013,1,82.97
O000721,O000721-I1,P0004,2,292.22
O000722,O000722-I1,P0004,1,303.6
O000722,O000722-I2,P0009,2,669.61
O000722,O000722-I3,P0005,1,180.88
O000723,O000723-I1,P0009,3,688.95
O000724,O000724-I1,P0013,2,81.75
O000725,O000725-I1,P0009,1,720.01
O000725,O000725-I2,P0004,3,329.17
O000725,O000725-I3,P0001,2,861.09
O000726,O000726-I1,P0006,1,822.41
O000727,O000727-I1,P0005,2,179.68
O000727,O000727-I2,P0006,1,880.7
O000727,O000727-I3,P0002,3,164.41
O000728,O000728-I1,P0001,1,958.48
O000729,O000729-I1,P0003,2,3721.2
O000729,O000729-I2,P0003,3,3842.59
O000730,O000730-I1,P0002,2,143.0
O000730,O000730-I2,P0005,1,195.19
O000730,O000730-I3,P0010,3,347.15
O000731,O000731-I1,P0010,2,361.19
O000731,O000731-I2,P0011,2,192.78
O000731,O000731-I3,P0008,3,498.17
O000731,O000731-I4,P0004,1,285.73
O000732,O000732-I1,P0010,1,363.54
O000732,O000732-I2,P0012,1,328.2
O000733,O000733-I1,P0003,3,3509.65
O000733,O000733-I2,P0002,2,157.71
O000733,O000733-I3,P0004,2,312.41
O000733,O000733-I4,P0009,3,651.47
O000734,O000734-I1,P0014,2,98.36
O000734,O000734-I2,P0008,3,480.62
O000734,O000734-I3,P0012,3,308.8
O000734,O000734-I4,P0003,1,3472.57
O000735,O000735-I1,P0003,2,3232.74
O000735,O000735-I2,P0001,3,825.04
O000735,O000735-I3,P0010,2,329.75
O000735,O000735-I4,P0007,2,400.08
O000736,O000736-I1,P0010,3,379.85
O000737,O000737-I1,P0008,3,454.9
O000737,O000737-I2,P0008,1,545.79
O000737,O000737-I3,P0007,1,369.12
O000738,O000738-I1,P0005,3,187.08
O000739,O000739-I1,P0008,3,478.7
O000739,O000739-I2,P0003,3,3351.49
O000739,O000739-I3,P0004,1,275.56
O000740,O000740-I1,P0011,2,185.58
O000740,O000740-I2,P0003,1,3616.12
O000740,O000740-I3,P0005,2,173.93
O000741,O000741-I1,P0009,2,711.54
O000742,O000742-I1,P0009,2,746.84
O000743,O000743-I1,P0007,2,412.97
O000743,O000743-I2,P0012,2,291.76
O000743,O000743-I3,P0015,1,159.73
O000744,O000744-I1,P0002,2,160.58
O000744,O000744-I2,P0011,3,219.65
O000744,O000744-I3,P0011,2,199.81
O000744,O000744-I4,P0001,1,913.86
O000745,O000745-I1,P0010,2,384.0
O000745,O000745-I2,P0015,3,140.16
O000745,O000745-I3,P0014,3,96.88
O000745,O000745-I4,P0011,2,195.54
O000746,O000746-I1,P0013,3,98.32
O000746,O000746-I2,P0002,2,143.56
O000746,O000746-I3,P0012,1,299.84
O000747,O000747-I1,P0010,2,319.43
O000747,O000747-I2,P0010,2,316.0
O000747,O000747-I3,P0005,1,169.73
O000748,O000748-I1,P0010,2,376.4
O000748,O000748-I2,P0001,3,929.66
O000748,O000748-I3,P0004,3,279.21
O000749,O000749-I1,P0007,2,377.41
O000749,O000749-I2,P0014,2,108.55
O000750,O000750-I1,P0015,2,140.11
O000750,O000750-I2,P0002,2,155.26
O000750,O000750-I3,P0004,2,318.16
O000750,O000750-I4,P0005,1,186.5
O000751,O000751-I1,P0005,2,181.55
O000751,O000751-I2,P0005,2,190.06
O000751,O000751-I3,P0014,2,91.83
O000752,O000752-I1,P0008,2,496.03
O000752,O000752-I2,P0007,3,362.02
O000752,O000752-I3,P0007,2,366.98
O000753,O000753-I1,P0002,2,136.52
O000753,O000753-I2,P0009,2,647.54
O000753,O000753-I3,P0009,3,630.74
O000754,O000754-I1,P0006,1,957.84
O000755,O000755-I1,P0011,3,185.67
O000756,O000756-I1,P0005,1,190.9
O000756,O000756-I2,P0005,3,186.66
O000757,O000757-I1,P0008,1,470.34
O000758,O000758-I1,P0014,2,97.99
O000759,O000759-I1,P0013,1,83.46
O000759,O000759-I2,P0010,3,360.92
O000759,O000759-I3,P0007,1,400.82
O000759,O000759-I4,P0010,3,353.17
O000760,O000760-I1,P0006,2,884.94
O000760,O000760-I2,P0005,2,167.24
O000760,O000760-I3,P0006,2,892.18
O000760,O000760-I4,P0012,3,293.27
O000761,O000761-I1,P0001,3,892.4
O000761,O000761-I2,P0014,1,109.53
O000761,O000761-I3,P0015,2,149.92
O000761,O000761-I4,P0008,3,470.98
O000762,O000762-I1,P0010,1,334.39
O000762,O000762-I2,P0009,3,672.31
O000762,O000762-I3,P0007,2,365.37
O000763,O000763-I1,P0009,3,703.46
O000763,O000763-I2,P0014,1,103.85
O000764,O000764-I1,P0013,1,85.08
O000765,O000765-I1,P0015,3,158.76
O000765,O000765-I2,P0013,1,97.09
O000766,O000766-I1,P0014,3,91.37
O000766,O000766-I2,P0001,2,919.07
O000766,O000766-I3,P0004,1,325.3
O000766,O000766-I4,P0001,2,829.29
O000767,O000767-I1,P0003,3,3350.17
O000767,O000767-I2,P0008,1,524.11
O000768,O000768-I1,P0010,3,321.64
O000769,O000769-I1,P0009,3,719.81
O000769,O000769-I2,P0013,2,84.33
O000769,O000769-I3,P0006,1,912.57
O000769,O000769-I4,P0011,2,199.93
O000770,O000770-I1,P0007,3,389.99
O000771,O000771-I1,P0002,3,144.83
O000771,O000771-I2,P0008,1,532.03
O000771,O000771-I3,P0001,2,975.9
O000772,O000772-I1,P0015,3,142.15
O000772,O000772-I2,P0002,3,162.85
O000773,O000773-I1,P0009,2,721.35
O000774,O000774-I1,P0003,3,3721.63
O000775,O000775-I1,P0013,3,97.17
O000776,O000776-I1,P0014,2,108.82
O000777,O000777-I1,P0010,2,369.6
O000777,O000777-I2,P0007,1,361.63
O000778,O000778-I1,P0011,2,207.71
O000778,O000778-I2,P0012,2,311.98
O000778,O000778-I3,P0009,3,649.2
O000778,O000778-I4,P0001,2,831.15
O000779,O000779-I1,P0004,1,305.22
O000780,O000780-I1,P0014,1,106.15
O000781,O000781-I1,P0005,3,185.48
O000782,O000782-I1,P0010,1,332.42
O000783,O000783-I1,P0007,2,422.31
O000783,O000783-I2,P0005,2,193.18
O000784,O000784-I1,P0001,2,936.89
O000785,O000785-I1,P0005,1,175.31
O000785,O000785-I2,P0009,1,634.93
O000786,O000786-I1,P0001,1,858.56
O000787,O000787-I1,P0008,1,487.84
O000787,O000787-I2,P0013,3,88.66
O000787,O000787-I3,P0006,1,928.77
O000787,O000787-I4,P0001,1,907.38
O000788,O000788-I1,P0014,3,94.24
O000788,O000788-I2,P0014,1,96.72
O000788,O000788-I3,P0013,3,88.71
O000789,O000789-I1,P0015,3,148.81
O000789,O000789-I2,P0014,3,104.28
O000789,O000789-I3,P0005,3,171.27
O000789,O000789-I4,P0015,2,148.92
O000790,O000790-I1,P0002,2,152.03
O000790,O000790-I2,P0004,1,306.83
O000790,O000790-I3,P0009,2,667.53
O000791,O000791-I1,P0009,1,692.03
O000791,O000791-I2,P0005,1,177.74
O000791,O000791-I3,P0004,2,272.13
O000792,O000792-I1,P0009,1,668.61
O000793,O000793-I1,P0004,1,278.72
O000793,O000793-I2,P0008,3,515.49
O000793,O000793-I3,P0004,1,276.77
O000794,O000794-I1,P0001,3,988.44
O000794,O000794-I2,P0011,2,180.55
O000794,O000794-I3,P0001,2,907.18
O000795,O000795-I1,P0002,3,147.38
O000795,O000795-I2,P0002,3,147.7
O000795,O000795-I3,P0004,2,278.49
O000795,O000795-I4,P0009,2,714.87
O000796,O000796-I1,P0008,1,486.73
O000796,O000796-I2,P0015,2,162.8
O000796,O000796-I3,P0010,3,316.7
O000797,O000797-I1,P0015,3,156.68
O000797,O000797-I2,P0006,2,947.16
O000797,O000797-I3,P0009,3,640.89
O000798,O000798-I1,P0009,3,696.03
O000798,O000798-I2,P0002,3,150.51
O000798,O000798-I3,P0014,2,95.29
O000798,O000798-I4,P0012,3,287.49
O000799,O000799-I1,P0012,3,327.35
O000799,O000799-I2,P0002,2,145.76
O000799,O000799-I3,P0004,2,303.53
O000800,O000800-I1,P0012,3,284.6
O000800,O000800-I2,P0004,2,310.34
O000800,O000800-I3,P0013,3,83.39
O000800,O000800-I4,P0015,2,158.77
O000801,O000801-I1,P0009,1,755.87
O000801,O000801-I2,P0010,2,316.0
O000802,O000802-I1,P0012,3,279.92
O000802,O000802-I2,P0002,1,138.88
O000802,O000802-I3,P0001,3,975.24
O000802,O000802-I4,P0007,2,388.25
O000803,O000803-I1,P0006,2,916.36
O000804,O000804-I1,P0015,3,159.94
O000804,O000804-I2,P0014,2,105.05
O000804,O000804-I3,P0010,3,324.33
O000805,O000805-I1,P0003,1,3565.39
O000806,O000806-I1,P0003,1,3358.05
O000806,O000806-I2,P0011,2,181.84
O000806,O000806-I3,P0005,3,194.19
O000806,O000806-I4,P0012,3,300.39
O000807,O000807-I1,P0015,3,161.36
O000807,O000807-I2,P0001,3,847.83
O000808,O000808-I1,P0005,2,169.96
O000808,O000808-I2,P0002,1,143.56
O000808,O000808-I3,P0005,2,197.49
O000809,O000809-I1,P0009,1,633.74
O000809,O000809-I2,P0008,1,545.88
O000810,O000810-I1,P0015,3,138.69
O000810,O000810-I2,P0009,2,671.2
O000810,O000810-I3,P0011,1,208.55
O000811,O000811-I1,P0013,2,94.06
O000812,O000812-I1,P0011,3,193.32
O000812,O000812-I2,P0005,2,184.6
O000813,O000813-I1,P0007,3,423.43
O000814,O000814-I1,P0015,3,135.15
O000815,O000815-I1,P0008,2,478.16
O000815,O000815-I2,P0008,1,513.37
O000815,O000815-I3,P0003,1,3815.47
O000816,O000816-I1,P0011,3,190.43
O000816,O000816-I2,P0001,2,923.48
O000817,O000817-I1,P0014,2,103.26
O000817,O000817-I2,P0013,2,95.24
O000818,O000818-I1,P0004,2,295.08
O000819,O000819-I1,P0007,1,387.71
O000819,O000819-I2,P0005,2,187.27
O000820,O000820-I1,P0001,1,970.06
O000820,O000820-I2,P0005,2,164.1
O000821,O000821-I1,P0007,1,387.09
O000821,O000821-I2,P0004,1,288.41
O000821,O000821-I3,P0001,2,849.74
O000821,O000821-I4,P0008,1,503.5
O000822,O000822-I1,P0015,1,158.97
O000823,O000823-I1,P0010,3,329.64
O000824,O000824-I1,P0005,2,173.84
O000824,O000824-I2,P0003,1,3536.96
O000825,O000825-I1,P0008,2,454.14
O000826,O000826-I1,P0001,2,927.85
O000826,O000826-I2,P0012,1,318.99
O000827,O000827-I1,P0001,1,942.35
O000827,O000827-I2,P0012,2,281.56
O000827,O000827-I3,P0009,3,750.2
O000827,O000827-I4,P0014,2,98.4
O000828,O000828-I1,P0015,2,137.7
O000828,O000828-I2,P0009,2,708.44
O000828,O000828-I3,P0006,2,861.1
O000829,O000829-I1,P0012,3,328.4
O000829,O000829-I2,P0011,2,210.74
O000829,O000829-I3,P0007,2,389.49
O000830,O000830-I1,P0002,1,141.14
O000831,O000831-I1,P0008,2,475.11
O000831,O000831-I2,P0013,2,94.22
O000831,O000831-I3,P0012,1,272.1
O000831,O000831-I4,P0001,3,911.65
O000832,O000832-I1,P0009,3,697.52
O000832,O000832-I2,P0005,3,192.8
O000832,O000832-I3,P0010,3,320.61
O000832,O000832-I4,P0005,1,177.23
O000833,O000833-I1,P0003,2,3758.72
O000834,O000834-I1,P0003,1,3454.74
O000834,O000834-I2,P0014,2,104.29
O000834,O000834-I3,P0007,3,381.59
O000834,O000834-I4,P0001,2,920.62
O000835,O000835-I1,P0013,2,90.25
O000835,O000835-I2,P0015,2,149.06
O000836,O000836-I1,P0001,1,866.04
O000836,O000836-I2,P0007,1,375.85
O000836,O000836-I3,P0003,1,3526.31
O000836,O000836-I4,P0002,2,137.75
O000837,O000837-I1,P0006,1,859.33
O000837,O000837-I2,P0001,2,915.1
O000838,O000838-I1,P0002,3,141.4
O000838,O000838-I2,P0003,1,3333.96
O000839,O000839-I1,P0005,3,193.26
O000839,O000839-I2,P0012,3,324.45
O000839,O000839-I3,P0009,1,653.44
O000839,O000839-I4,P0005,1,197.5
O000840,O000840-I1,P0014,3,106.04
O000840,O000840-I2,P0005,2,185.83
O000840,O000840-I3,P0014,2,95.96
O000840,O000840-I4,P0001,1,853.24
O000841,O000841-I1,P0005,3,192.21
O000841,O000841-I2,P0008,1,544.44
O000841,O000841-I3,P0008,2,521.03
O000842,O000842-I1,P0011,2,187.03
O000842,O000842-I2,P0009,2,749.65
O000842,O000842-I3,P0007,3,387.58
O000843,O000843-I1,P0006,3,989.07
O000843,O000843-I2,P0003,1,3459.36
O000844,O000844-I1,P0014,2,90.58
O000844,O000844-I2,P0008,2,514.06
O000844,O000844-I3,P0001,2,817.81
O000845,O000845-I1,P0013,2,98.84
O000846,O000846-I1,P0001,1,920.22
O000847,O000847-I1,P0002,1,136.59
O000847,O000847-I2,P0013,3,93.69
O000848,O000848-I1,P0010,2,373.5
O000848,O000848-I2,P0012,2,323.76
O000849,O000849-I1,P0007,3,371.71
O000849,O000849-I2,P0011,2,183.27
O000849,O000849-I3,P0001,2,817.92
O000849,O000849-I4,P0003,3,3288.98
O000850,O000850-I1,P0002,1,151.88
O000850,O000850-I2,P0007,2,366.96
O000850,O000850-I3,P0013,1,84.19
O000851,O000851-I1,P0012,1,282.96
O000852,O000852-I1,P0012,2,273.11
O000852,O000852-I2,P0012,3,287.13
O000853,O000853-I1,P0005,2,171.24
O000853,O000853-I2,P0003,2,3335.09
O000854,O000854-I1,P0013,3,87.84
O000854,O000854-I2,P0011,3,202.65
O000854,O000854-I3,P0003,3,3453.6
O000854,O000854-I4,P0015,3,159.22
O000855,O000855-I1,P0002,2,142.73
O000855,O000855-I2,P0012,1,300.92
O000855,O000855-I3,P0004,3,281.09
O000856,O000856-I1,P0010,2,375.75
O000856,O000856-I2,P0014,1,93.08
O000856,O000856-I3,P0005,2,173.95
O000856,O000856-I4,P0002,3,161.98
O000857,O000857-I1,P0012,3,297.29
O000857,O000857-I2,P0007,3,415.46
O000858,O000858-I1,P0010,1,382.84
O000858,O000858-I2,P0008,1,526.21
O000858,O000858-I3,P0007,3,368.54
O000859,O000859-I1,P0003,1,3795.54
O000860,O000860-I1,P0012,1,317.98
O000860,O000860-I2,P0001,2,881.18
O000860,O000860-I3,P0002,2,134.94
O000861,O000861-I1,P0003,1,3455.49
O000862,O000862-I1,P0001,3,933.52
O000862,O000862-I2,P0003,3,3298.65
O000862,O000862-I3,P0002,2,154.95
O000863,O000863-I1,P0012,2,319.08
O000863,O000863-I2,P0003,3,3760.77
O000863,O000863-I3,P0012,3,293.53
O000864,O000864-I1,P0004,3,280.6
O000865,O000865-I1,P0010,2,378.91
O000866,O000866-I1,P0007,2,371.97
O000866,O000866-I2,P0006,2,879.53
O000866,O000866-I3,P0010,2,317.35
O000867,O000867-I1,P0007,1,387.61
O000868,O000868-I1,P0003,1,3552.18
O000869,O000869-I1,P0007,1,408.19
O000869,O000869-I2,P0001,2,900.27
O000869,O000869-I3,P0007,2,416.86
O000869,O000869-I4,P0012,3,328.2
O000870,O000870-I1,P0014,3,101.7
O000870,O000870-I2,P0002,1,150.35
O000870,O000870-I3,P0001,3,940.87
O000870,O000870-I4,P0015,2,147.95
O000871,O000871-I1,P0006,2,931.4
O000871,O000871-I2,P0014,1,100.75
O000871,O000871-I3,P0011,1,191.63
O000871,O000871-I4,P0004,2,270.96
O000872,O000872-I1,P0011,1,183.27
O000872,O000872-I2,P0008,1,462.51
O000872,O000872-I3,P0006,1,923.82
O000873,O000873-I1,P0014,3,106.3
O000873,O000873-I2,P0014,3,99.07
O000874,O000874-I1,P0006,3,824.09
O000875,O000875-I1,P0011,2,218.5
O000875,O000875-I2,P0012,1,304.15
O000875,O000875-I3,P0002,2,153.37
O000876,O000876-I1,P0004,1,286.52
O000876,O000876-I2,P0015,3,136.28
O000876,O000876-I3,P0005,2,194.64
O000876,O000876-I4,P0011,3,191.3
O000877,O000877-I1,P0005,3,173.36
O000877,O000877-I2,P0007,1,377.89
O000878,O000878-I1,P0009,3,631.67
O000878,O000878-I2,P0010,2,337.28
O000878,O000878-I3,P0005,2,167.37
O000878,O000878-I4,P0006,3,899.72
O000879,O000879-I1,P0010,3,383.84
O000880,O000880-I1,P0012,1,307.39
O000880,O000880-I2,P0007,1,409.84
O000880,O000880-I3,P0008,3,493.05
O000881,O000881-I1,P0015,1,137.82
O000881,O000881-I2,P0006,1,847.94
O000881,O000881-I3,P0009,1,709.8
O000881,O000881-I4,P0006,1,965.57
O000882,O000882-I1,P0014,3,107.59
O000882,O000882-I2,P0005,3,189.32
O000882,O000882-I3,P0012,2,300.04
O000882,O000882-I4,P0010,3,342.35
O000883,O000883-I1,P0003,2,3683.95
O000883,O000883-I2,P0014,3,93.35
O000883,O000883-I3,P0007,1,390.57
O000883,O000883-I4,P0001,3,885.16
O000884,O000884-I1,P0003,1,3569.6
O000884,O000884-I2,P0010,3,343.52
O000885,O000885-I1,P0011,3,195.48
O000885,O000885-I2,P0015,3,160.8
O000885,O000885-I3,P0001,1,892.3
O000885,O000885-I4,P0010,3,376.12
O000886,O000886-I1,P0002,3,148.74
O000886,O000886-I2,P0001,1,932.96
O000886,O000886-I3,P0001,2,988.04
O000887,O000887-I1,P0014,3,109.14
O000887,O000887-I2,P0014,1,104.87
O000887,O000887-I3,P0004,3,310.51
O000888,O000888-I1,P0014,3,102.84
O000888,O000888-I2,P0009,3,729.96
O000888,O000888-I3,P0011,2,199.13
O000889,O000889-I1,P0006,3,976.82
O000890,O000890-I1,P0012,3,280.04
O000890,O000890-I2,P0009,2,721.81
O000890,O000890-I3,P0012,1,324.67
O000891,O000891-I1,P0007,3,399.23
O000892,O000892-I1,P0005,1,189.3
O000892,O000892-I2,P0007,1,401.64
O000892,O000892-I3,P0004,1,283.17
O000892,O000892-I4,P0005,2,182.19
O000893,O000893-I1,P0008,3,530.41
O000893,O000893-I2,P0007,1,371.63
O000893,O000893-I3,P0005,2,192.82
O000894,O000894-I1,P0003,3,3671.72
O000894,O000894-I2,P0001,3,882.95
O000894,O000894-I3,P0006,3,971.89
O000895,O000895-I1,P0008,3,466.82
O000895,O000895-I2,P0006,3,896.67
O000895,O000895-I3,P0014,2,107.83
O000896,O000896-I1,P0004,3,317.25
O000896,O000896-I2,P0003,3,3287.77
O000896,O000896-I3,P0010,2,347.05
O000897,O000897-I1,P0006,3,827.7
O000897,O000897-I2,P0001,2,901.23
O000898,O000898-I1,P0015,1,148.3
O000899,O000899-I1,P0004,1,272.32
O000899,O000899-I2,P0011,3,190.54
O000900,O000900-I1,P0014,1,100.35
O000901,O000901-I1,P0007,3,365.75
O000901,O000901-I2,P0009,2,646.2
O000901,O000901-I3,P0012,1,298.46
O000901,O000901-I4,P0005,1,181.42
O000902,O000902-I1,P0013,1,91.5
O000902,O000902-I2,P0002,3,153.33
O000902,O000902-I3,P0014,2,109.73
O000902,O000902-I4,P0012,2,315.17
O000903,O000903-I1,P0008,1,484.02
O000903,O000903-I2,P0015,3,151.74
O000903,O000903-I3,P0005,2,184.43
O000903,O000903-I4,P0014,1,109.44
O000904,O000904-I1,P0008,1,542.42
O000904,O000904-I2,P0003,2,3389.61
O000904,O000904-I3,P0012,3,302.21
O000904,O000904-I4,P0011,1,187.65
O000905,O000905-I1,P0005,2,195.28
O000905,O000905-I2,P0008,1,507.0
O000905,O000905-I3,P0002,1,144.62
O000906,O000906-I1,P0005,2,185.42
O000906,O000906-I2,P0008,2,527.87
O000907,O000907-I1,P0006,3,866.67
O000907,O000907-I2,P0005,2,177.21
O000907,O000907-I3,P0011,2,210.4
O000908,O000908-I1,P0006,1,957.23
O000908,O000908-I2,P0013,1,84.66
O000908,O000908-I3,P0015,3,142.58
O000908,O000908-I4,P0012,2,271.33
O000909,O000909-I1,P0012,2,321.28
O000909,O000909-I2,P0010,1,320.12
O000910,O000910-I1,P0015,3,149.51
O000910,O000910-I2,P0015,2,164.5
O000910,O000910-I3,P0012,3,292.4
O000910,O000910-I4,P0006,1,820.01
O000911,O000911-I1,P0002,2,164.21
O000911,O000911-I2,P0003,3,3439.55
O000911,O000911-I3,P0012,1,322.33
O000912,O000912-I1,P0005,3,171.29
O000912,O000912-I2,P0009,3,744.32
O000913,O000913-I1,P0015,3,161.43
O000913,O000913-I2,P0006,1,867.73
O000913,O000913-I3,P0012,1,297.55
O000914,O000914-I1,P0003,3,3437.45
O000915,O000915-I1,P0014,3,97.37
O000916,O000916-I1,P0012,3,273.94
O000916,O000916-I2,P0008,1,506.43
O000916,O000916-I3,P0009,3,739.18
O000917,O000917-I1,P0010,2,372.14
O000917,O000917-I2,P0015,2,148.44
O000917,O000917-I3,P0012,3,279.04
O000917,O000917-I4,P0012,2,274.29
O000918,O000918-I1,P0014,2,90.29
O000918,O000918-I2,P0007,1,385.69
O000918,O000918-I3,P0005,1,171.22
O000918,O000918-I4,P0010,1,355.8
O000919,O000919-I1,P0014,1,105.35
O000919,O000919-I2,P0011,1,192.24
O000919,O000919-I3,P0009,1,633.58
O000920,O000920-I1,P0005,2,195.32
O000921,O000921-I1,P0004,1,278.15
O000921,O000921-I2,P0014,2,92.37
O000921,O000921-I3,P0012,2,271.43
O000922,O000922-I1,P0004,1,275.48
O000922,O000922-I2,P0006,1,901.11
O000923,O000923-I1,P0012,1,329.0
O000923,O000923-I2,P0006,3,874.68
O000923,O000923-I3,P0015,2,150.16
O000923,O000923-I4,P0007,2,361.2
O000924,O000924-I1,P0006,2,960.47
O000925,O000925-I1,P0010,2,376.21
O000926,O000926-I1,P0003,1,3274.06
O000927,O000927-I1,P0012,3,287.49
O000927,O000927-I2,P0001,3,884.58
O000927,O000927-I3,P0013,1,88.45
O000927,O000927-I4,P0013,1,97.74
O000928,O000928-I1,P0012,1,299.75
O000929,O000929-I1,P0010,1,377.11
O000929,O000929-I2,P0001,1,942.19
O000929,O000929-I3,P0001,1,974.34
O000930,O000930-I1,P0003,1,3214.39
O000930,O000930-I2,P0001,1,830.14
O000931,O000931-I1,P0005,2,194.28
O000932,O000932-I1,P0008,3,533.0
O000933,O000933-I1,P0004,1,312.93
O000933,O000933-I2,P0002,2,161.5
O000934,O000934-I1,P0005,3,180.51
O000934,O000934-I2,P0015,2,157.69
O000934,O000934-I3,P0011,1,193.02
O000935,O000935-I1,P0012,2,307.81
O000936,O000936-I1,P0003,3,3486.44
O000936,O000936-I2,P0005,2,168.67
O000937,O000937-I1,P0002,2,164.79
O000937,O000937-I2,P0005,1,171.1
O000937,O000937-I3,P0012,2,316.22
O000937,O000937-I4,P0014,2,103.16
O000938,O000938-I1,P0007,1,378.08
O000938,O000938-I2,P0001,2,959.31
O000938,O000938-I3,P0009,1,706.96
O000939,O000939-I1,P0009,1,685.56
O000939,O000939-I2,P0015,3,140.75
O000939,O000939-I3,P0015,3,141.56
O000939,O000939-I4,P0015,1,140.87
O000940,O000940-I1,P0013,2,90.61
O000941,O000941-I1,P0013,1,90.63
O000941,O000941-I2,P0012,3,295.34
O000942,O000942-I1,P0014,1,91.41
O000942,O000942-I2,P0008,3,505.47
O000942,O000942-I3,P0003,2,3296.03
O000942,O000942-I4,P0015,3,153.29
O000943,O000943-I1,P0013,1,87.94
O000943,O000943-I2,P0012,1,308.66
O000943,O000943-I3,P0013,2,91.54
O000943,O000943-I4,P0015,1,159.92
O000944,O000944-I1,P0002,2,139.18
O000944,O000944-I2,P0012,2,315.53
O000944,O000944-I3,P0015,1,154.0
O000944,O000944-I4,P0003,3,3367.72
O000945,O000945-I1,P0005,1,193.58
O000945,O000945-I2,P0002,3,145.14
O000945,O000945-I3,P0012,2,326.86
O000945,O000945-I4,P0007,1,390.42
O000946,O000946-I1,P0014,2,105.06
O000946,O000946-I2,P0011,1,200.81
O000947,O000947-I1,P0014,3,109.16
O000947,O000947-I2,P0010,2,318.87
O000948,O000948-I1,P0014,3,106.62
O000948,O000948-I2,P0010,2,320.72
O000948,O000948-I3,P0005,1,187.57
O000949,O000949-I1,P0010,3,357.36
O000949,O000949-I2,P0002,3,146.18
O000949,O000949-I3,P0012,3,322.12
O000949,O000949-I4,P0011,3,195.21
O000950,O000950-I1,P0002,1,145.72
O000951,O000951-I1,P0013,3,94.29
O000951,O000951-I2,P0009,2,723.57
O000951,O000951-I3,P0008,1,471.51
O000951,O000951-I4,P0015,1,135.63
O000952,O000952-I1,P0013,1,85.88
O000952,O000952-I2,P0004,1,289.37
O000952,O000952-I3,P0013,3,98.73
O000952,O000952-I4,P0006,2,948.24
O000953,O000953-I1,P0012,1,289.93
O000953,O000953-I2,P0012,3,302.19
O000953,O000953-I3,P0003,1,3371.48
O000953,O000953-I4,P0008,2,460.04
O000954,O000954-I1,P0012,3,299.03
O000954,O000954-I2,P0004,2,318.25
O000955,O000955-I1,P0003,2,3786.07
O000956,O000956-I1,P0003,1,3648.06
O000957,O000957-I1,P0006,3,956.52
O000957,O000957-I2,P0014,2,102.17
O000957,O000957-I3,P0002,1,144.62
O000958,O000958-I1,P0011,2,188.88
O000958,O000958-I2,P0005,3,197.29
O000959,O000959-I1,P0001,1,964.25
O000959,O000959-I2,P0004,2,320.17
O000960,O000960-I1,P0013,3,91.26
O000960,O000960-I2,P0009,2,734.45
O000961,O000961-I1,P0014,2,91.45
O000961,O000961-I2,P0015,3,138.94
O000961,O000961-I3,P0005,3,170.79
O000962,O000962-I1,P0002,2,156.42
O000962,O000962-I2,P0013,3,98.47
O000962,O000962-I3,P0004,1,297.82
O000963,O000963-I1,P0001,3,820.27
O000963,O000963-I2,P0015,2,149.2
O000963,O000963-I3,P0001,3,836.53
O000963,O000963-I4,P0007,3,388.26
O000964,O000964-I1,P0007,3,396.07
O000964,O000964-I2,P0012,3,311.73
O000964,O000964-I3,P0003,2,3381.28
O000964,O000964-I4,P0006,3,953.61
O000965,O000965-I1,P0013,2,91.47
O000965,O000965-I2,P0015,1,153.31
O000965,O000965-I3,P0001,3,884.37
O000966,O000966-I1,P0013,2,94.01
O000966,O000966-I2,P0001,2,825.95
O000967,O000967-I1,P0006,2,873.83
O000967,O000967-I2,P0008,3,492.94
O000967,O000967-I3,P0013,2,89.89
O000967,O000967-I4,P0003,1,3332.26
O000968,O000968-I1,P0007,3,364.78
O000968,O000968-I2,P0002,3,136.68
O000968,O000968-I3,P0004,2,275.64
O000969,O000969-I1,P0001,1,981.92
O000969,O000969-I2,P0014,1,102.63
O000969,O000969-I3,P0009,2,655.36
O000970,O000970-I1,P0009,1,700.93
O000970,O000970-I2,P0014,2,90.52
O000970,O000970-I3,P0011,1,217.3
O000971,O000971-I1,P0006,1,916.12
O000972,O000972-I1,P0015,2,158.42
O000972,O000972-I2,P0014,1,103.27
O000972,O000972-I3,P0009,1,677.27
O000973,O000973-I1,P0001,3,937.27
O000973,O000973-I2,P0001,3,827.69
O000973,O000973-I3,P0015,3,137.64
O000973,O000973-I4,P0008,3,481.96
O000974,O000974-I1,P0003,3,3448.32
O000974,O000974-I2,P0012,2,292.53
O000974,O000974-I3,P0005,2,162.77
O000975,O000975-I1,P0008,3,519.79
O000975,O000975-I2,P0012,3,319.77
O000975,O000975-I3,P0005,1,195.98
O000976,O000976-I1,P0012,2,293.0
O000976,O000976-I2,P0009,2,764.88
O000976,O000976-I3,P0001,1,958.17
O000977,O000977-I1,P0011,2,217.89
O000977,O000977-I2,P0001,1,938.13
O000977,O000977-I3,P0004,1,312.74
O000978,O000978-I1,P0014,1,107.9
O000979,O000979-I1,P0015,2,162.42
O000979,O000979-I2,P0015,2,136.25
O000979,O000979-I3,P0013,1,91.68
O000980,O000980-I1,P0004,2,294.45
O000980,O000980-I2,P0014,1,98.22
O000980,O000980-I3,P0012,2,292.53
O000981,O000981-I1,P0010,2,317.84
O000982,O000982-I1,P0002,2,136.9
O000983,O000983-I1,P0005,1,176.12
O000983,O000983-I2,P0005,1,196.1
O000983,O000983-I3,P0013,3,96.13
O000983,O000983-I4,P0004,1,277.53
O000984,O000984-I1,P0013,1,82.41
O000985,O000985-I1,P0007,3,434.58
O000985,O000985-I2,P0012,1,316.01
O000986,O000986-I1,P0013,2,84.52
O000986,O000986-I2,P0004,3,273.29
O000986,O000986-I3,P0003,2,3257.08
O000987,O000987-I1,P0006,1,966.73
O000987,O000987-I2,P0011,1,213.63
O000988,O000988-I1,P0001,3,813.05
O000988,O000988-I2,P0011,3,186.7
O000988,O000988-I3,P0007,2,389.53
O000989,O000989-I1,P0009,2,737.51
O000990,O000990-I1,P0001,2,978.59
O000991,O000991-I1,P0011,2,219.1
O000991,O000991-I2,P0010,3,346.75
O000992,O000992-I1,P0010,2,376.63
O000992,O000992-I2,P0003,2,3667.9
O000992,O000992-I3,P0015,2,159.06
O000993,O000993-I1,P0015,3,145.49
O000993,O000993-I2,P0002,2,147.54
O000994,O000994-I1,P0007,3,376.38
O000994,O000994-I2,P0006,1,938.16
O000994,O000994-I3,P0010,3,328.53
O000994,O000994-I4,P0002,3,154.68
O000995,O000995-I1,P0004,3,297.04
O000995,O000995-I2,P0003,3,3438.38
O000995,O000995-I3,P0002,1,141.42
O000996,O000996-I1,P0001,3,932.41
O000996,O000996-I2,P0004,1,308.37
O000996,O000996-I3,P0009,3,739.35
O000996,O000996-I4,P0003,1,3255.39
O000997,O000997-I1,P0005,1,186.24
O000997,O000997-I2,P0014,1,91.62
O000997,O000997-I3,P0010,1,379.3
O000997,O000997-I4,P0012,1,289.79
O000998,O000998-I1,P0015,1,145.79
O000998,O000998-I2,P0005,2,182.9
O000999,O000999-I1,P0002,1,139.8
O000999,O000999-I2,P0009,1,704.42
O000999,O000999-I3,P0014,3,98.1
O001000,O001000-I1,P0015,1,162.17
O001000,O001000-I2,P0010,1,367.79
O001001,O001001-I1,P0009,2,760.22
O001002,O001002-I1,P0014,1,93.45
O001002,O001002-I2,P0015,3,143.91
O001002,O001002-I3,P0014,2,108.23
O001003,O001003-I1,P0005,2,183.6
O001003,O001003-I2,P0012,2,270.87
O001003,O001003-I3,P0012,3,294.97
O001004,O001004-I1,P0015,2,162.07
O001004,O001004-I2,P0014,1,102.89
O001004,O001004-I3,P0001,3,865.1
O001005,O001005-I1,P0010,3,315.66
O001005,O001005-I2,P0005,3,162.6
O001005,O001005-I3,P0001,2,845.84
O001005,O001005-I4,P0014,2,97.5
O001006,O001006-I1,P0006,2,883.2
O001006,O001006-I2,P0008,2,463.14
O001006,O001006-I3,P0015,2,156.47
O001007,O001007-I1,P0014,3,107.81
O001007,O001007-I2,P0002,1,159.22
O001007,O001007-I3,P0010,1,331.91
O001007,O001007-I4,P0005,1,175.34
O001008,O001008-I1,P0001,1,942.47
O001009,O001009-I1,P0010,1,364.19
O001009,O001009-I2,P0005,1,194.94
O001009,O001009-I3,P0010,1,327.9
O001009,O001009-I4,P0010,3,381.49
O001010,O001010-I1,P0011,2,192.72
O001011,O001011-I1,P0010,1,345.88
O001011,O001011-I2,P0003,3,3154.33
O001011,O001011-I3,P0005,1,196.96
O001011,O001011-I4,P0011,2,185.66
O001012,O001012-I1,P0003,1,3263.6
O001012,O001012-I2,P0005,3,191.99
O001013,O001013-I1,P0007,3,379.17
O001013,O001013-I2,P0013,1,92.68
O001014,O001014-I1,P0008,3,455.95
O001015,O001015-I1,P0005,2,187.03
O001016,O001016-I1,P0006,3,844.16
O001016,O001016-I2,P0005,3,168.05
O001016,O001016-I3,P0008,3,485.19
O001016,O001016-I4,P0009,2,753.09
O001017,O001017-I1,P0007,1,429.76
O001017,O001017-I2,P0003,2,3416.92
O001017,O001017-I3,P0012,3,278.87
O001017,O001017-I4,P0007,2,361.03
O001018,O001018-I1,P0006,1,858.66
O001019,O001019-I1,P0004,2,296.01
O001019,O001019-I2,P0008,1,498.63
O001019,O001019-I3,P0011,3,182.3
O001020,O001020-I1,P0003,1,3441.34
O001020,O001020-I2,P0008,1,545.58
O001020,O001020-I3,P0008,3,465.77
O001021,O001021-I1,P0008,2,530.61
O001021,O001021-I2,P0006,1,876.42
O001022,O001022-I1,P0004,1,324.5
O001022,O001022-I2,P0005,2,184.72
O001023,O001023-I1,P0011,3,202.79
O001023,O001023-I2,P0014,1,104.06
O001023,O001023-I3,P0015,3,142.02
O001024,O001024-I1,P0008,3,482.07
O001024,O001024-I2,P0002,3,149.63
O001024,O001024-I3,P0012,3,323.92
O001025,O001025-I1,P0011,2,189.77
O001025,O001025-I2,P0006,3,810.46
O001025,O001025-I3,P0012,2,319.38
O001026,O001026-I1,P0015,3,140.55
O001026,O001026-I2,P0010,3,357.25
O001026,O001026-I3,P0009,2,732.57
O001026,O001026-I4,P0013,3,96.82
O001027,O001027-I1,P0005,1,167.09
O001028,O001028-I1,P0006,1,890.3
O001029,O001029-I1,P0002,3,153.09
O001029,O001029-I2,P0005,2,167.77
O001029,O001029-I3,P0005,1,173.52
O001030,O001030-I1,P0003,1,3590.12
O001030,O001030-I2,P0013,3,86.73
O001030,O001030-I3,P0006,1,868.69
O001031,O001031-I1,P0014,1,104.35
O001032,O001032-I1,P0008,3,473.41
O001033,O001033-I1,P0008,3,456.12
O001034,O001034-I1,P0013,2,83.77
O001035,O001035-I1,P0001,3,850.5
O001036,O001036-I1,P0008,3,516.92
O001036,O001036-I2,P0005,1,180.27
O001037,O001037-I1,P0009,3,698.71
O001037,O001037-I2,P0001,2,936.22
O001037,O001037-I3,P0009,3,753.32
O001037,O001037-I4,P0004,3,323.81
O001038,O001038-I1,P0004,1,315.15
O001038,O001038-I2,P0006,2,870.11
O001038,O001038-I3,P0006,2,971.52
O001039,O001039-I1,P0010,1,322.8
O001039,O001039-I2,P0010,2,371.22
O001039,O001039-I3,P0008,3,543.2
O001039,O001039-I4,P0007,1,375.92
O001040,O001040-I1,P0006,3,970.13
O001040,O001040-I2,P0001,2,848.93
O001040,O001040-I3,P0010,1,336.6
O001041,O001041-I1,P0011,2,199.11
O001041,O001041-I2,P0007,3,382.73
O001041,O001041-I3,P0006,3,964.22
O001041,O001041-I4,P0012,1,274.57
O001042,O001042-I1,P0015,1,144.01
O001043,O001043-I1,P0004,2,274.47
O001043,O001043-I2,P0003,2,3607.44
O001043,O001043-I3,P0007,2,421.53
O001044,O001044-I1,P0002,3,158.68
O001044,O001044-I2,P0010,2,327.13
O001045,O001045-I1,P0005,3,186.8
O001045,O001045-I2,P0011,1,182.52
O001045,O001045-I3,P0008,3,487.64
O001046,O001046-I1,P0009,1,721.82
O001047,O001047-I1,P0001,1,934.04
O001047,O001047-I2,P0005,1,197.74
O001047,O001047-I3,P0014,1,107.36
O001048,O001048-I1,P0011,2,194.46
O001048,O001048-I2,P0012,3,291.94
O001049,O001049-I1,P0011,3,193.77
O001049,O001049-I2,P0009,1,711.13
O001049,O001049-I3,P0005,2,178.73
O001050,O001050-I1,P0011,2,215.28
O001050,O001050-I2,P0007,2,433.87
O001050,O001050-I3,P0015,3,148.9
O001050,O001050-I4,P0002,3,160.75
O001051,O001051-I1,P0009,3,652.23
O001051,O001051-I2,P0009,3,649.44
O001052,O001052-I1,P0014,3,89.99
O001052,O001052-I2,P0015,3,154.84
O001052,O001052-I3,P0009,1,733.45
O001052,O001052-I4,P0008,3,520.87
O001053,O001053-I1,P0009,2,660.58
O001053,O001053-I2,P0006,2,944.86
O001053,O001053-I3,P0010,3,367.5
O001054,O001054-I1,P0011,3,211.89
O001054,O001054-I2,P0014,2,92.79
O001055,O001055-I1,P0005,1,162.76
O001055,O001055-I2,P0004,1,287.65
O001055,O001055-I3,P0010,1,327.91
O001055,O001055-I4,P0015,3,137.05
O001056,O001056-I1,P0010,2,342.04
O001056,O001056-I2,P0001,1,864.59
O001056,O001056-I3,P0009,3,712.45
O001057,O001057-I1,P0015,2,160.73
O001057,O001057-I2,P0008,2,525.19
O001057,O001057-I3,P0006,1,885.99
O001057,O001057-I4,P0004,3,307.11
O001058,O001058-I1,P0012,1,313.35
O001058,O001058-I2,P0002,3,153.84
O001058,O001058-I3,P0004,1,297.18
O001058,O001058-I4,P0002,3,145.02
O001059,O001059-I1,P0004,3,316.74
O001059,O001059-I2,P0007,3,395.46
O001059,O001059-I3,P0001,3,842.53
O001059,O001059-I4,P0002,2,155.81
O001060,O001060-I1,P0004,1,311.79
O001061,O001061-I1,P0001,2,829.65
O001061,O001061-I2,P0010,1,382.69
O001062,O001062-I1,P0012,1,288.04
O001062,O001062-I2,P0013,1,87.02
O001062,O001062-I3,P0014,3,101.57
O001062,O001062-I4,P0012,2,283.63
O001063,O001063-I1,P0002,3,151.78
O001063,O001063-I2,P0015,2,149.78
O001064,O001064-I1,P0010,2,345.44
O001064,O001064-I2,P0002,3,147.57
O001064,O001064-I3,P0008,1,458.63
O001065,O001065-I1,P0002,3,140.51
O001065,O001065-I2,P0003,1,3462.17
O001066,O001066-I1,P0009,1,662.42
O001066,O001066-I2,P0002,1,143.91
O001067,O001067-I1,P0002,3,142.88
O001068,O001068-I1,P0013,1,92.85
O001068,O001068-I2,P0013,2,89.52
O001069,O001069-I1,P0003,1,3750.38
O001070,O001070-I1,P0009,1,717.67
O001071,O001071-I1,P0007,2,422.34
O001071,O001071-I2,P0012,1,281.46
O001071,O001071-I3,P0001,3,977.43
O001072,O001072-I1,P0008,3,538.77
O001072,O001072-I2,P0015,3,161.05
O001073,O001073-I1,P0007,1,393.29
O001074,O001074-I1,P0006,2,860.45
O001075,O001075-I1,P0013,3,91.51
O001075,O001075-I2,P0008,3,542.24
O001075,O001075-I3,P0008,3,509.83
O001076,O001076-I1,P0008,3,476.73
O001076,O001076-I2,P0010,2,376.13
O001076,O001076-I3,P0001,3,902.33
O001077,O001077-I1,P0015,3,147.25
O001077,O001077-I2,P0003,2,3568.33
O001077,O001077-I3,P0006,3,928.54
O001078,O001078-I1,P0011,2,203.17
O001078,O001078-I2,P0009,1,646.32
O001078,O001078-I3,P0004,3,322.46
O001079,O001079-I1,P0014,2,94.82
O001079,O001079-I2,P0013,2,93.8
O001080,O001080-I1,P0004,2,318.68
O001081,O001081-I1,P0014,3,106.32
O001081,O001081-I2,P0007,3,405.29
O001081,O001081-I3,P0015,1,142.88
O001082,O001082-I1,P0006,1,817.3
O001082,O001082-I2,P0002,1,143.23
O001082,O001082-I3,P0003,3,3524.56
O001082,O001082-I4,P0006,1,950.99
O001083,O001083-I1,P0002,3,156.48
O001084,O001084-I1,P0014,1,100.97
O001084,O001084-I2,P0006,2,947.12
O001084,O001084-I3,P0004,1,318.24
O001085,O001085-I1,P0002,2,159.18
O001085,O001085-I2,P0012,1,275.65
O001086,O001086-I1,P0014,1,94.68
O001086,O001086-I2,P0005,2,177.57
O001087,O001087-I1,P0007,2,395.3
O001088,O001088-I1,P0004,3,290.44
O001088,O001088-I2,P0011,1,199.86
O001088,O001088-I3,P0007,3,390.93
O001089,O001089-I1,P0010,3,362.73
O001090,O001090-I1,P0007,1,390.26
O001090,O001090-I2,P0004,2,327.53
O001090,O001090-I3,P0005,3,195.56
O001091,O001091-I1,P0006,2,874.62
O001092,O001092-I1,P0007,2,378.19
O001093,O001093-I1,P0013,2,81.77
O001093,O001093-I2,P0015,1,137.61
O001094,O001094-I1,P0002,2,139.16
O001094,O001094-I2,P0014,2,95.47
O001094,O001094-I3,P0007,1,378.23
O001095,O001095-I1,P0010,3,360.72
O001096,O001096-I1,P0004,1,306.06
O001096,O001096-I2,P0013,1,82.12
O001097,O001097-I1,P0009,1,664.3
O001097,O001097-I2,P0006,1,868.49
O001097,O001097-I3,P0003,1,3686.34
O001097,O001097-I4,P0009,3,743.76
O001098,O001098-I1,P0013,3,95.91
O001098,O001098-I2,P0004,3,316.88
O001099,O001099-I1,P0003,1,3196.86
O001099,O001099-I2,P0010,2,324.42
O001100,O001100-I1,P0009,3,761.95
O001100,O001100-I2,P0011,2,211.35
O001100,O001100-I3,P0014,3,104.26
O001100,O001100-I4,P0007,3,392.32
O001101,O001101-I1,P0002,2,138.37
O001101,O001101-I2,P0001,2,878.77
O001101,O001101-I3,P0002,2,146.11
O001101,O001101-I4,P0015,2,149.52
O001102,O001102-I1,P0013,2,88.04
O001102,O001102-I2,P0012,1,270.89
O001102,O001102-I3,P0012,1,324.11
O001102,O001102-I4,P0010,2,348.97
O001103,O001103-I1,P0002,3,162.57
O001103,O001103-I2,P0015,2,146.12
O001103,O001103-I3,P0004,2,297.81
O001103,O001103-I4,P0003,2,3770.82
O001104,O001104-I1,P0001,2,844.73
O001104,O001104-I2,P0015,3,139.89
O001104,O001104-I3,P0013,1,83.53
O001104,O001104-I4,P0002,3,151.75
O001105,O001105-I1,P0001,2,872.35
O001105,O001105-I2,P0007,2,382.7
O001105,O001105-I3,P0012,1,317.97
O001106,O001106-I1,P0010,3,365.9
O001107,O001107-I1,P0011,1,183.64
O001107,O001107-I2,P0010,2,334.21
O001107,O001107-I3,P0003,1,3179.23
O001107,O001107-I4,P0012,2,270.64
O001108,O001108-I1,P0007,1,359.96
O001108,O001108-I2,P0009,1,652.78
O001109,O001109-I1,P0008,3,499.25
O001109,O001109-I2,P0015,1,154.98
O001110,O001110-I1,P0009,3,676.19
O001110,O001110-I2,P0009,3,675.62
O001110,O001110-I3,P0014,1,103.25
O001111,O001111-I1,P0007,2,386.16
O001112,O001112-I1,P0013,3,84.93
O001112,O001112-I2,P0004,1,322.74
O001112,O001112-I3,P0013,1,89.26
O001113,O001113-I1,P0012,1,307.28
O001113,O001113-I2,P0007,3,365.21
O001113,O001113-I3,P0005,2,195.23
O001113,O001113-I4,P0002,1,147.97
O001114,O001114-I1,P0015,2,162.73
O001114,O001114-I2,P0002,2,152.55
O001114,O001114-I3,P0004,2,295.71
O001115,O001115-I1,P0003,1,3220.37
O001115,O001115-I2,P0005,1,190.56
O001115,O001115-I3,P0006,1,836.92
O001116,O001116-I1,P0015,1,135.89
O001116,O001116-I2,P0001,2,986.96
O001117,O001117-I1,P0001,2,869.33
O001118,O001118-I1,P0012,2,276.36
O001118,O001118-I2,P0014,3,95.73
O001119,O001119-I1,P0010,1,349.65
O001119,O001119-I2,P0004,1,311.24
O001119,O001119-I3,P0010,1,342.44
O001119,O001119-I4,P0011,2,206.5
O001120,O001120-I1,P0005,1,190.49
O001120,O001120-I2,P0011,2,206.55
O001120,O001120-I3,P0007,1,379.16
O001121,O001121-I1,P0003,2,3238.18
O001122,O001122-I1,P0011,1,217.09
O001122,O001122-I2,P0007,3,435.3
O001123,O001123-I1,P0003,1,3738.68
O001123,O001123-I2,P0003,2,3422.59
O001123,O001123-I3,P0001,2,893.33
O001124,O001124-I1,P0012,3,321.98
O001124,O001124-I2,P0011,1,180.21
O001124,O001124-I3,P0010,1,381.69
O001125,O001125-I1,P0004,2,324.33
O001125,O001125-I2,P0010,3,327.54
O001126,O001126-I1,P0013,2,94.78
O001126,O001126-I2,P0006,3,846.21
O001126,O001126-I3,P0001,1,869.76
O001127,O001127-I1,P0007,1,396.3
O001127,O001127-I2,P0015,3,152.63
O001128,O001128-I1,P0001,1,895.31
O001128,O001128-I2,P0009,2,759.96
O001128,O001128-I3,P0015,3,152.06
O001129,O001129-I1,P0014,3,107.98
O001129,O001129-I2,P0013,2,88.01
O001129,O001129-I3,P0013,1,90.45
O001130,O001130-I1,P0007,1,424.09
O001131,O001131-I1,P0008,3,529.36
O001132,O001132-I1,P0009,1,749.63
O001132,O001132-I2,P0009,2,708.4
O001133,O001133-I1,P0002,1,162.82
O001133,O001133-I2,P0010,3,332.98
O001133,O001133-I3,P0015,3,143.67
O001133,O001133-I4,P0001,2,884.71
O001134,O001134-I1,P0005,1,164.65
O001134,O001134-I2,P0009,1,752.14
O001134,O001134-I3,P0009,1,763.39
O001135,O001135-I1,P0012,2,277.19
O001136,O001136-I1,P0012,1,293.18
O001136,O001136-I2,P0006,1,908.05
O001136,O001136-I3,P0002,2,156.65
O001137,O001137-I1,P0008,3,485.04
O001137,O001137-I2,P0014,2,106.96
O001138,O001138-I1,P0004,3,311.74
O001138,O001138-I2,P0003,3,3308.63
O001138,O001138-I3,P0010,3,380.26
O001138,O001138-I4,P0012,2,303.35
O001139,O001139-I1,P0001,1,810.58
O001140,O001140-I1,P0012,1,320.47
O001140,O001140-I2,P0001,3,903.59
O001140,O001140-I3,P0005,1,183.24
O001140,O001140-I4,P0007,2,399.45
O001141,O001141-I1,P0004,1,321.41
O001141,O001141-I2,P0009,1,761.36
O001141,O001141-I3,P0007,3,437.02
O001142,O001142-I1,P0006,3,875.38
O001142,O001142-I2,P0007,2,384.57
O001142,O001142-I3,P0002,2,147.11
O001143,O001143-I1,P0014,1,97.15
O001143,O001143-I2,P0010,1,383.12
O001144,O001144-I1,P0009,1,668.62
O001144,O001144-I2,P0002,3,157.54
O001145,O001145-I1,P0014,2,104.94
O001145,O001145-I2,P0010,1,336.74
O001145,O001145-I3,P0002,2,137.7
O001146,O001146-I1,P0015,3,135.03
O001147,O001147-I1,P0004,3,326.27
O001148,O001148-I1,P0010,1,347.82
O001149,O001149-I1,P0001,1,898.58
O001149,O001149-I2,P0008,1,455.85
O001149,O001149-I3,P0005,1,183.98
O001149,O001149-I4,P0012,2,281.45
O001150,O001150-I1,P0014,1,104.03
O001150,O001150-I2,P0005,2,185.24
O001150,O001150-I3,P0004,2,270.0
O001150,O001150-I4,P0013,1,88.2
O001151,O001151-I1,P0013,3,85.38
O001151,O001151-I2,P0009,3,635.54
O001152,O001152-I1,P0015,1,152.14
O001152,O001152-I2,P0005,3,169.47
O001153,O001153-I1,P0004,1,322.02
O001153,O001153-I2,P0003,2,3833.97
O001153,O001153-I3,P0011,2,206.28
O001154,O001154-I1,P0004,3,321.38
O001154,O001154-I2,P0006,3,853.6
O001155,O001155-I1,P0007,2,401.84
O001155,O001155-I2,P0001,1,884.31
O001155,O001155-I3,P0014,2,92.72
O001155,O001155-I4,P0001,2,841.78
O001156,O001156-I1,P0006,2,961.0
O001156,O001156-I2,P0010,2,333.78
O001156,O001156-I3,P0007,2,377.55
O001156,O001156-I4,P0011,1,180.6
O001157,O001157-I1,P0002,3,142.55
O001157,O001157-I2,P0011,1,190.78
O001158,O001158-I1,P0004,2,285.03
O001159,O001159-I1,P0010,1,325.34
O001159,O001159-I2,P0015,1,144.72
O001160,O001160-I1,P0002,2,142.44
O001160,O001160-I2,P0005,2,183.0
O001161,O001161-I1,P0002,1,144.64
O001161,O001161-I2,P0008,2,485.59
O001161,O001161-I3,P0003,1,3522.64
O001162,O001162-I1,P0002,1,141.84
O001163,O001163-I1,P0002,3,148.14
O001164,O001164-I1,P0001,1,975.17
O001165,O001165-I1,P0014,1,106.0
O001165,O001165-I2,P0002,3,151.01
O001165,O001165-I3,P0014,3,108.66
O001165,O001165-I4,P0010,1,318.0
O001166,O001166-I1,P0014,2,106.23
O001167,O001167-I1,P0014,2,103.82
O001167,O001167-I2,P0005,2,189.01
O001168,O001168-I1,P0011,1,186.79
O001169,O001169-I1,P0013,2,89.2
O001169,O001169-I2,P0003,3,3464.53
O001170,O001170-I1,P0013,1,89.43
O001170,O001170-I2,P0007,1,373.62
O001170,O001170-I3,P0011,1,201.22
O001171,O001171-I1,P0007,3,424.9
O001171,O001171-I2,P0007,2,416.99
O001172,O001172-I1,P0015,3,159.99
O001172,O001172-I2,P0007,2,382.24
O001173,O001173-I1,P0006,3,830.67
O001173,O001173-I2,P0009,3,647.66
O001173,O001173-I3,P0014,1,94.5
O001174,O001174-I1,P0001,1,953.7
O001174,O001174-I2,P0003,1,3785.49
O001175,O001175-I1,P0004,2,302.83
O001176,O001176-I1,P0003,3,3595.27
O001176,O001176-I2,P0012,3,278.78
O001177,O001177-I1,P0007,2,362.31
O001177,O001177-I2,P0011,1,211.1
O001177,O001177-I3,P0015,3,155.62
O001178,O001178-I1,P0002,1,149.32
O001179,O001179-I1,P0012,3,328.01
O001180,O001180-I1,P0012,3,308.63
O001181,O001181-I1,P0010,2,335.01
O001181,O001181-I2,P0009,3,757.33
O001182,O001182-I1,P0005,2,163.36
O001183,O001183-I1,P0010,1,341.36
O001184,O001184-I1,P0007,1,392.94
O001184,O001184-I2,P0009,2,701.54
O001185,O001185-I1,P0012,1,303.05
O001185,O001185-I2,P0006,1,922.4
O001186,O001186-I1,P0010,3,381.61
O001186,O001186-I2,P0012,3,280.99
O001186,O001186-I3,P0001,1,820.84
O001186,O001186-I4,P0010,1,379.86
O001187,O001187-I1,P0004,3,285.42
O001188,O001188-I1,P0008,1,502.73
O001188,O001188-I2,P0006,1,881.85
O001189,O001189-I1,P0010,3,361.59
O001189,O001189-I2,P0005,2,176.58
O001189,O001189-I3,P0003,1,3164.41
O001189,O001189-I4,P0009,2,735.8
O001190,O001190-I1,P0005,2,164.87
O001191,O001191-I1,P0003,1,3280.52
O001191,O001191-I2,P0015,1,156.53
O001191,O001191-I3,P0006,2,871.09
O001191,O001191-I4,P0005,3,168.64
O001192,O001192-I1,P0006,3,982.69
O001192,O001192-I2,P0007,3,400.32
O001192,O001192-I3,P0005,1,189.69
O001192,O001192-I4,P0005,3,165.83
O001193,O001193-I1,P0005,3,164.12
O001193,O001193-I2,P0015,3,145.1
O001193,O001193-I3,P0007,2,414.84
O001194,O001194-I1,P0004,2,281.57
O001194,O001194-I2,P0012,3,285.37
O001195,O001195-I1,P0013,3,91.7
O001195,O001195-I2,P0002,3,148.89
O001196,O001196-I1,P0009,1,698.86
O001196,O001196-I2,P0010,1,343.25
O001197,O001197-I1,P0015,3,157.74
O001198,O001198-I1,P0007,3,428.56
O001199,O001199-I1,P0015,1,152.48
O001200,O001200-I1,P0004,2,289.93
O001201,O001201-I1,P0015,2,162.39
O001202,O001202-I1,P0014,3,91.33
O001202,O001202-I2,P0002,1,161.02
O001203,O001203-I1,P0008,2,469.38
O001203,O001203-I2,P0006,3,838.29
O001203,O001203-I3,P0001,1,919.08
O001203,O001203-I4,P0003,3,3253.42
O001204,O001204-I1,P0002,1,155.76
O001205,O001205-I1,P0013,3,81.29
O001206,O001206-I1,P0008,1,461.56
O001207,O001207-I1,P0014,1,97.13
O001207,O001207-I2,P0001,2,969.11
O001208,O001208-I1,P0002,1,142.53
O001208,O001208-I2,P0015,2,145.58
O001208,O001208-I3,P0004,2,300.44
O001208,O001208-I4,P0015,1,147.99
O001209,O001209-I1,P0010,2,335.23
O001209,O001209-I2,P0015,1,138.38
O001210,O001210-I1,P0006,3,974.18
O001210,O001210-I2,P0004,3,323.52
O001211,O001211-I1,P0010,2,346.51
O001211,O001211-I2,P0002,3,135.45
O001211,O001211-I3,P0002,1,150.12
O001212,O001212-I1,P0011,2,219.57
O001213,O001213-I1,P0012,2,319.71
O001213,O001213-I2,P0009,3,714.55
O001213,O001213-I3,P0006,3,944.18
O001213,O001213-I4,P0012,3,310.59
O001214,O001214-I1,P0009,1,676.15
O001214,O001214-I2,P0010,1,335.51
O001214,O001214-I3,P0009,3,754.12
O001215,O001215-I1,P0005,2,176.45
O001215,O001215-I2,P0003,3,3822.33
O001216,O001216-I1,P0003,1,3599.25
O001216,O001216-I2,P0010,1,367.34
O001216,O001216-I3,P0007,2,404.83
O001216,O001216-I4,P0007,3,378.15
O001217,O001217-I1,P0010,3,377.69
O001217,O001217-I2,P0014,1,106.61
O001217,O001217-I3,P0008,2,532.69
O001218,O001218-I1,P0014,2,96.73
O001218,O001218-I2,P0009,3,742.54
O001219,O001219-I1,P0007,3,390.5
O001219,O001219-I2,P0004,2,290.59
O001220,O001220-I1,P0002,3,144.31
O001220,O001220-I2,P0013,2,98.54
O001220,O001220-I3,P0014,1,94.94
O001220,O001220-I4,P0012,1,316.53
O001221,O001221-I1,P0013,1,95.88
O001221,O001221-I2,P0005,1,179.12
O001221,O001221-I3,P0014,1,89.93
O001222,O001222-I1,P0002,2,150.02
O001223,O001223-I1,P0013,1,87.66
O001223,O001223-I2,P0013,1,91.91
O001223,O001223-I3,P0001,2,824.33
O001224,O001224-I1,P0012,2,308.42
O001224,O001224-I2,P0013,3,83.49
O001224,O001224-I3,P0008,3,486.74
O001224,O001224-I4,P0014,3,95.5
O001225,O001225-I1,P0003,2,3683.97
O001225,O001225-I2,P0011,2,206.75
O001225,O001225-I3,P0007,3,370.88
O001225,O001225-I4,P0003,1,3538.72
O001226,O001226-I1,P0014,3,91.24
O001226,O001226-I2,P0014,2,90.36
O001226,O001226-I3,P0015,3,155.14
O001226,O001226-I4,P0009,2,639.31
O001227,O001227-I1,P0015,3,162.81
O001227,O001227-I2,P0005,1,174.31
O001228,O001228-I1,P0001,1,824.06
O001228,O001228-I2,P0013,1,80.92
O001228,O001228-I3,P0014,1,94.28
O001228,O001228-I4,P0003,2,3316.49
O001229,O001229-I1,P0006,3,908.03
O001229,O001229-I2,P0003,2,3335.12
O001229,O001229-I3,P0007,1,417.97
O001230,O001230-I1,P0005,2,197.71
O001230,O001230-I2,P0001,1,891.21
O001230,O001230-I3,P0013,3,85.41
O001230,O001230-I4,P0007,1,391.77
O001231,O001231-I1,P0011,1,205.46
O001231,O001231-I2,P0003,2,3775.88
O001231,O001231-I3,P0003,3,3525.27
O001231,O001231-I4,P0001,1,828.33
O001232,O001232-I1,P0012,3,296.18
O001232,O001232-I2,P0008,2,536.55
O001232,O001232-I3,P0011,1,214.88
O001233,O001233-I1,P0007,2,436.67
O001233,O001233-I2,P0006,1,898.61
O001233,O001233-I3,P0009,3,712.3
O001234,O001234-I1,P0007,2,378.78
O001235,O001235-I1,P0006,1,877.6
O001236,O001236-I1,P0005,3,193.34
O001236,O001236-I2,P0003,2,3160.29
O001236,O001236-I3,P0015,2,151.07
O001237,O001237-I1,P0011,1,182.82
O001237,O001237-I2,P0008,3,463.78
O001238,O001238-I1,P0004,3,321.98
O001238,O001238-I2,P0010,1,323.79
O001238,O001238-I3,P0009,1,749.02
O001239,O001239-I1,P0015,2,154.35
O001239,O001239-I2,P0009,2,753.44
O001239,O001239-I3,P0011,2,213.74
O001239,O001239-I4,P0008,3,501.12
O001240,O001240-I1,P0015,1,145.61
O001240,O001240-I2,P0012,1,284.02
O001240,O001240-I3,P0001,3,882.2
O001240,O001240-I4,P0010,2,348.33
O001241,O001241-I1,P0012,2,299.59
O001241,O001241-I2,P0015,3,149.67
O001241,O001241-I3,P0001,3,836.89
O001241,O001241-I4,P0010,3,355.12
O001242,O001242-I1,P0005,2,197.68
O001242,O001242-I2,P0009,1,740.57
O001243,O001243-I1,P0011,2,181.98
O001243,O001243-I2,P0012,2,322.87
O001244,O001244-I1,P0011,1,186.62
O001244,O001244-I2,P0009,3,654.53
O001244,O001244-I3,P0001,3,871.58
O001245,O001245-I1,P0007,3,383.44
O001245,O001245-I2,P0006,3,854.3
O001245,O001245-I3,P0003,1,3628.36
O001245,O001245-I4,P0013,3,91.27
O001246,O001246-I1,P0009,3,760.73
O001246,O001246-I2,P0014,2,98.0
O001247,O001247-I1,P0008,2,467.7
O001247,O001247-I2,P0006,2,879.94
O001248,O001248-I1,P0006,3,876.51
O001248,O001248-I2,P0010,1,375.12
O001249,O001249-I1,P0015,2,150.47
O001250,O001250-I1,P0012,2,283.36
O001250,O001250-I2,P0012,1,288.3
O001250,O001250-I3,P0005,3,166.23
O001251,O001251-I1,P0001,3,869.95
O001251,O001251-I2,P0008,1,476.82
O001252,O001252-I1,P0002,2,140.97
O001252,O001252-I2,P0005,1,188.14
O001252,O001252-I3,P0002,2,153.48
O001253,O001253-I1,P0004,2,296.74
O001254,O001254-I1,P0011,1,191.24
O001254,O001254-I2,P0010,1,317.37
O001255,O001255-I1,P0011,3,198.82
O001256,O001256-I1,P0005,1,170.37
O001257,O001257-I1,P0007,2,423.28
O001257,O001257-I2,P0015,2,151.07
O001257,O001257-I3,P0013,2,86.28
O001257,O001257-I4,P0009,1,649.26
O001258,O001258-I1,P0011,2,211.4
O001258,O001258-I2,P0007,3,382.95
O001258,O001258-I3,P0006,3,833.11
O001259,O001259-I1,P0001,1,817.63
O001259,O001259-I2,P0014,2,97.35
O001259,O001259-I3,P0001,1,915.44
O001260,O001260-I1,P0012,2,274.06
O001261,O001261-I1,P0010,3,327.66
O001261,O001261-I2,P0007,1,382.62
O001262,O001262-I1,P0009,3,768.56
O001262,O001262-I2,P0015,1,147.59
O001262,O001262-I3,P0008,3,528.78
O001262,O001262-I4,P0008,3,544.84
O001263,O001263-I1,P0014,1,100.42
O001263,O001263-I2,P0005,1,187.37
O001264,O001264-I1,P0004,3,270.33
O001264,O001264-I2,P0003,2,3586.75
O001265,O001265-I1,P0007,1,417.3
O001265,O001265-I2,P0008,2,484.4
O001266,O001266-I1,P0010,1,369.98
O001267,O001267-I1,P0009,1,750.68
O001267,O001267-I2,P0004,1,289.43
O001267,O001267-I3,P0003,3,3213.07
O001268,O001268-I1,P0006,3,966.32
O001269,O001269-I1,P0011,3,206.11
O001269,O001269-I2,P0003,1,3819.57
O001269,O001269-I3,P0012,1,289.45
O001269,O001269-I4,P0011,1,186.11
O001270,O001270-I1,P0012,1,303.09
O001270,O001270-I2,P0010,1,331.46
O001270,O001270-I3,P0009,1,675.42
O001270,O001270-I4,P0010,2,364.07
O001271,O001271-I1,P0005,2,188.43
O001271,O001271-I2,P0002,2,141.47
O001271,O001271-I3,P0011,2,191.5
O001272,O001272-I1,P0010,3,345.62
O001272,O001272-I2,P0011,1,202.74
O001272,O001272-I3,P0003,2,3198.83
O001272,O001272-I4,P0007,1,386.39
O001273,O001273-I1,P0008,2,463.73
O001273,O001273-I2,P0014,3,108.81
O001274,O001274-I1,P0003,2,3427.89
O001275,O001275-I1,P0004,3,299.24
O001276,O001276-I1,P0006,2,930.02
O001276,O001276-I2,P0004,2,280.99
O001276,O001276-I3,P0012,3,302.0
O001276,O001276-I4,P0011,1,211.84
O001277,O001277-I1,P0014,3,107.0
O001277,O001277-I2,P0010,3,337.35
O001278,O001278-I1,P0001,1,925.62
O001279,O001279-I1,P0002,1,149.24
O001280,O001280-I1,P0015,3,163.91
O001280,O001280-I2,P0002,1,146.84
O001280,O001280-I3,P0011,3,185.94
O001280,O001280-I4,P0008,1,461.46
O001281,O001281-I1,P0007,3,413.77
O001281,O001281-I2,P0012,1,276.67
O001281,O001281-I3,P0003,2,3223.06
O001281,O001281-I4,P0002,1,136.16
O001282,O001282-I1,P0014,1,95.78
O001282,O001282-I2,P0003,1,3451.92
O001282,O001282-I3,P0010,2,329.49
O001282,O001282-I4,P0011,1,206.31
O001283,O001283-I1,P0003,2,3273.2
O001284,O001284-I1,P0014,3,103.2
O001284,O001284-I2,P0013,1,83.61
O001285,O001285-I1,P0011,2,208.76
O001285,O001285-I2,P0006,1,955.78
O001286,O001286-I1,P0002,1,158.19
O001286,O001286-I2,P0011,1,218.65
O001286,O001286-I3,P0008,1,464.1
O001287,O001287-I1,P0006,1,856.59
O001287,O001287-I2,P0012,1,323.18
O001287,O001287-I3,P0002,1,135.68
O001288,O001288-I1,P0008,2,455.94
O001288,O001288-I2,P0009,3,716.62
O001289,O001289-I1,P0007,1,370.03
O001290,O001290-I1,P0015,3,154.16
O001290,O001290-I2,P0003,1,3640.74
O001290,O001290-I3,P0014,2,90.56
O001291,O001291-I1,P0015,2,161.68
O001291,O001291-I2,P0009,2,717.1
O001291,O001291-I3,P0012,2,296.47
O001291,O001291-I4,P0007,3,422.16
O001292,O001292-I1,P0004,1,320.1
O001292,O001292-I2,P0013,2,89.21
O001293,O001293-I1,P0012,3,277.27
O001294,O001294-I1,P0007,2,420.97
O001295,O001295-I1,P0008,3,516.92
O001296,O001296-I1,P0015,3,136.73
O001297,O001297-I1,P0004,2,312.65
O001298,O001298-I1,P0006,2,845.82
O001298,O001298-I2,P0008,2,467.4
O001298,O001298-I3,P0005,3,168.98
O001299,O001299-I1,P0007,2,362.28
O001299,O001299-I2,P0011,1,202.35
O001299,O001299-I3,P0009,2,657.76
O001300,O001300-I1,P0014,1,91.49
O001300,O001300-I2,P0013,3,82.06
O001300,O001300-I3,P0014,1,106.51
O001300,O001300-I4,P0007,3,428.19
O001301,O001301-I1,P0002,1,158.75
O001301,O001301-I2,P0015,1,148.31
O001301,O001301-I3,P0010,2,361.55
O001301,O001301-I4,P0001,1,974.4
O001302,O001302-I1,P0009,1,744.77
O001302,O001302-I2,P0015,3,157.61
O001303,O001303-I1,P0005,1,163.43
O001304,O001304-I1,P0014,3,94.38
O001304,O001304-I2,P0006,1,845.67
O001304,O001304-I3,P0010,3,345.63
O001304,O001304-I4,P0015,1,159.3
O001305,O001305-I1,P0015,2,149.3
O001305,O001305-I2,P0003,2,3323.67
O001305,O001305-I3,P0008,1,526.11
O001305,O001305-I4,P0015,2,140.4
O001306,O001306-I1,P0013,2,96.16
O001306,O001306-I2,P0002,3,139.09
O001306,O001306-I3,P0013,1,89.31
O001306,O001306-I4,P0004,3,297.55
O001307,O001307-I1,P0010,3,371.12
O001307,O001307-I2,P0010,3,333.07
O001308,O001308-I1,P0014,1,104.51
O001308,O001308-I2,P0014,3,99.97
O001308,O001308-I3,P0002,3,163.83
O001308,O001308-I4,P0007,3,400.56
O001309,O001309-I1,P0009,2,702.97
O001309,O001309-I2,P0003,3,3798.86
O001309,O001309-I3,P0002,3,164.38
O001310,O001310-I1,P0013,2,90.62
O001311,O001311-I1,P0013,1,86.3
O001311,O001311-I2,P0006,2,826.38
O001312,O001312-I1,P0012,3,278.93
O001312,O001312-I2,P0009,3,735.2
O001312,O001312-I3,P0007,3,435.35
O001313,O001313-I1,P0004,1,317.3
O001313,O001313-I2,P0002,2,138.28
O001313,O001313-I3,P0014,2,90.79
O001314,O001314-I1,P0005,1,189.94
O001314,O001314-I2,P0006,2,914.48
O001315,O001315-I1,P0011,1,208.71
O001315,O001315-I2,P0005,3,177.36
O001315,O001315-I3,P0010,2,346.62
O001315,O001315-I4,P0006,2,837.21
O001316,O001316-I1,P0003,3,3434.54
O001316,O001316-I2,P0015,3,151.3
O001316,O001316-I3,P0006,1,900.36
O001316,O001316-I4,P0012,3,327.5
O001317,O001317-I1,P0010,1,383.84
O001317,O001317-I2,P0014,2,99.49
O001318,O001318-I1,P0002,1,141.34
O001319,O001319-I1,P0015,3,147.12
O001319,O001319-I2,P0014,1,94.17
O001320,O001320-I1,P0014,2,101.02
O001321,O001321-I1,P0006,2,899.11
O001321,O001321-I2,P0015,2,138.64
O001322,O001322-I1,P0011,3,196.56
O001322,O001322-I2,P0005,1,178.82
O001323,O001323-I1,P0009,1,706.44
O001323,O001323-I2,P0009,3,630.31
O001323,O001323-I3,P0009,2,694.54
O001324,O001324-I1,P0008,3,468.38
O001324,O001324-I2,P0015,2,153.7
O001324,O001324-I3,P0012,2,302.65
O001324,O001324-I4,P0013,3,92.83
O001325,O001325-I1,P0005,1,173.69
O001325,O001325-I2,P0008,3,476.03
O001325,O001325-I3,P0009,2,742.4
O001325,O001325-I4,P0011,1,184.33
O001326,O001326-I1,P0015,1,145.44
O001326,O001326-I2,P0004,1,298.37
O001326,O001326-I3,P0014,2,103.55
O001326,O001326-I4,P0014,1,94.45
O001327,O001327-I1,P0002,2,146.07
O001327,O001327-I2,P0009,1,682.96
O001328,O001328-I1,P0013,2,84.13
O001328,O001328-I2,P0005,2,195.03
O001328,O001328-I3,P0015,2,155.37
O001329,O001329-I1,P0008,1,531.91
O001329,O001329-I2,P0001,2,866.56
O001329,O001329-I3,P0012,2,299.3
O001329,O001329-I4,P0004,2,290.3
O001330,O001330-I1,P0003,3,3170.13
O001330,O001330-I2,P0008,1,474.16
O001331,O001331-I1,P0013,2,86.96
O001331,O001331-I2,P0003,2,3187.84
O001332,O001332-I1,P0014,3,98.41
O001332,O001332-I2,P0001,1,831.22
O001333,O001333-I1,P0011,3,182.6
O001333,O001333-I2,P0008,1,460.27
O001333,O001333-I3,P0007,1,382.38
O001333,O001333-I4,P0012,1,275.45
O001334,O001334-I1,P0001,3,812.61
O001335,O001335-I1,P0015,3,161.37
O001335,O001335-I2,P0002,2,148.22
O001335,O001335-I3,P0014,1,108.51
O001335,O001335-I4,P0003,2,3462.18
O001336,O001336-I1,P0002,3,142.44
O001336,O001336-I2,P0011,3,210.28
O001336,O001336-I3,P0014,2,96.75
O001336,O001336-I4,P0001,2,872.13
O001337,O001337-I1,P0015,2,163.33
O001337,O001337-I2,P0010,1,336.59
O001337,O001337-I3,P0006,1,930.81
O001338,O001338-I1,P0001,2,927.4
O001338,O001338-I2,P0011,2,205.99
O001338,O001338-I3,P0007,2,419.08
O001339,O001339-I1,P0003,2,3349.73
O001339,O001339-I2,P0011,3,204.49
O001340,O001340-I1,P0007,2,421.03
O001341,O001341-I1,P0008,3,503.79
O001341,O001341-I2,P0001,3,840.46
O001342,O001342-I1,P0013,1,91.82
O001343,O001343-I1,P0001,1,868.4
O001343,O001343-I2,P0010,3,350.11
O001344,O001344-I1,P0014,3,105.65
O001344,O001344-I2,P0001,3,828.6
O001345,O001345-I1,P0008,1,477.79
O001345,O001345-I2,P0002,2,162.4
O001345,O001345-I3,P0007,2,380.84
O001346,O001346-I1,P0011,2,208.08
O001346,O001346-I2,P0008,3,460.62
O001346,O001346-I3,P0010,3,362.93
O001347,O001347-I1,P0015,2,159.01
O001347,O001347-I2,P0008,3,507.83
O001347,O001347-I3,P0004,3,301.56
O001347,O001347-I4,P0009,1,753.76
O001348,O001348-I1,P0013,2,93.15
O001348,O001348-I2,P0002,2,146.21
O001349,O001349-I1,P0011,3,205.84
O001349,O001349-I2,P0003,3,3464.57
O001349,O001349-I3,P0002,3,141.97
O001349,O001349-I4,P0004,3,317.44
O001350,O001350-I1,P0006,1,979.76
O001351,O001351-I1,P0003,1,3160.34
O001351,O001351-I2,P0002,1,140.18
O001352,O001352-I1,P0007,3,407.65
O001352,O001352-I2,P0002,3,162.48
O001352,O001352-I3,P0014,3,99.52
O001352,O001352-I4,P0008,2,462.08
O001353,O001353-I1,P0005,3,170.37
O001354,O001354-I1,P0009,1,739.96
O001355,O001355-I1,P0005,3,173.29
O001355,O001355-I2,P0007,3,423.1
O001356,O001356-I1,P0014,2,108.94
O001356,O001356-I2,P0001,3,878.16
O001356,O001356-I3,P0013,1,86.87
O001356,O001356-I4,P0005,3,163.57
O001357,O001357-I1,P0001,3,880.64
O001358,O001358-I1,P0015,2,151.15
O001358,O001358-I2,P0001,1,881.69
O001359,O001359-I1,P0006,3,946.73
O001360,O001360-I1,P0006,3,921.83
O001360,O001360-I2,P0011,1,195.44
O001361,O001361-I1,P0009,3,769.19
O001361,O001361-I2,P0008,3,513.98
O001361,O001361-I3,P0010,3,319.99
O001361,O001361-I4,P0002,1,146.03
O001362,O001362-I1,P0014,1,92.56
O001362,O001362-I2,P0001,3,947.41
O001362,O001362-I3,P0009,2,693.54
O001362,O001362-I4,P0002,3,150.56
O001363,O001363-I1,P0012,3,292.02
O001364,O001364-I1,P0015,2,156.08
O001364,O001364-I2,P0002,3,157.33
O001364,O001364-I3,P0008,2,479.58
O001365,O001365-I1,P0005,3,176.4
O001365,O001365-I2,P0010,1,345.4
O001366,O001366-I1,P0008,3,538.06
O001366,O001366-I2,P0002,2,156.53
O001366,O001366-I3,P0001,2,857.86
O001367,O001367-I1,P0006,2,950.2
O001367,O001367-I2,P0013,1,80.96
O001367,O001367-I3,P0001,3,835.38
O001368,O001368-I1,P0015,1,136.81
O001369,O001369-I1,P0005,2,192.41
O001369,O001369-I2,P0001,2,988.43
O001369,O001369-I3,P0003,3,3263.98
O001369,O001369-I4,P0013,3,91.9
O001370,O001370-I1,P0003,2,3318.16
O001370,O001370-I2,P0004,1,329.51
O001371,O001371-I1,P0001,3,925.36
O001371,O001371-I2,P0001,1,826.37
O001371,O001371-I3,P0012,3,292.21
O001372,O001372-I1,P0015,3,137.49
O001373,O001373-I1,P0015,2,136.51
O001373,O001373-I2,P0013,3,83.36
O001374,O001374-I1,P0011,3,213.09
O001374,O001374-I2,P0001,3,825.5
O001374,O001374-I3,P0008,3,507.3
O001375,O001375-I1,P0013,3,90.29
O001375,O001375-I2,P0003,2,3565.07
O001376,O001376-I1,P0005,3,165.08
O001376,O001376-I2,P0008,3,529.2
O001376,O001376-I3,P0002,3,162.66
O001377,O001377-I1,P0004,3,316.3
O001378,O001378-I1,P0004,3,291.5
O001378,O001378-I2,P0003,2,3516.71
O001378,O001378-I3,P0008,1,483.64
O001378,O001378-I4,P0005,1,177.05
O001379,O001379-I1,P0001,3,989.25
O001379,O001379-I2,P0007,2,434.37
O001379,O001379-I3,P0003,3,3286.57
O001379,O001379-I4,P0009,2,765.36
O001380,O001380-I1,P0007,2,364.15
O001380,O001380-I2,P0003,2,3798.8
O001380,O001380-I3,P0001,3,818.93
O001381,O001381-I1,P0015,3,159.63
O001381,O001381-I2,P0003,3,3173.72
O001381,O001381-I3,P0009,2,756.22
O001382,O001382-I1,P0011,1,183.9
O001382,O001382-I2,P0010,1,384.66
O001382,O001382-I3,P0010,2,369.42
O001383,O001383-I1,P0013,2,81.88
O001383,O001383-I2,P0011,3,186.99
O001383,O001383-I3,P0007,3,361.81
O001384,O001384-I1,P0011,1,215.61
O001385,O001385-I1,P0014,2,105.09
O001385,O001385-I2,P0001,3,975.31
O001385,O001385-I3,P0003,1,3373.56
O001386,O001386-I1,P0015,2,148.11
O001386,O001386-I2,P0010,3,338.69
O001386,O001386-I3,P0011,2,191.21
O001387,O001387-I1,P0007,2,416.56
O001387,O001387-I2,P0009,3,724.27
O001388,O001388-I1,P0005,3,162.35
O001388,O001388-I2,P0011,3,215.78
O001388,O001388-I3,P0004,1,270.09
O001388,O001388-I4,P0005,2,166.45
O001389,O001389-I1,P0001,1,981.87
O001389,O001389-I2,P0009,3,677.06
O001389,O001389-I3,P0010,3,358.06
O001390,O001390-I1,P0014,2,92.84
O001390,O001390-I2,P0011,2,195.42
O001391,O001391-I1,P0010,2,354.88
O001392,O001392-I1,P0004,3,285.93
O001392,O001392-I2,P0012,3,277.43
O001392,O001392-I3,P0014,1,103.14
O001392,O001392-I4,P0015,3,160.34
O001393,O001393-I1,P0001,2,892.43
O001394,O001394-I1,P0013,2,86.54
O001394,O001394-I2,P0002,1,161.86
O001394,O001394-I3,P0004,1,287.06
O001395,O001395-I1,P0010,1,330.22
O001395,O001395-I2,P0009,1,672.98
O001396,O001396-I1,P0013,3,90.9
O001396,O001396-I2,P0001,2,901.78
O001396,O001396-I3,P0004,1,270.75
O001396,O001396-I4,P0010,1,321.1
O001397,O001397-I1,P0005,3,173.95
O001398,O001398-I1,P0005,3,183.27
O001398,O001398-I2,P0009,2,673.54
O001398,O001398-I3,P0003,2,3182.41
O001398,O001398-I4,P0003,1,3443.26
O001399,O001399-I1,P0006,2,970.08
O001399,O001399-I2,P0003,3,3566.98
O001399,O001399-I3,P0004,1,324.33
O001400,O001400-I1,P0011,1,187.47
O001400,O001400-I2,P0009,3,763.93
O001401,O001401-I1,P0002,3,158.46
O001401,O001401-I2,P0014,3,101.36
O001402,O001402-I1,P0007,1,400.15
O001403,O001403-I1,P0011,2,202.66
O001404,O001404-I1,P0006,3,817.91
O001405,O001405-I1,P0009,3,766.96
O001405,O001405-I2,P0013,3,97.86
O001405,O001405-I3,P0010,3,378.49
O001405,O001405-I4,P0004,2,323.84
O001406,O001406-I1,P0015,1,139.95
O001407,O001407-I1,P0010,3,379.75
O001407,O001407-I2,P0009,1,648.85
O001408,O001408-I1,P0015,3,157.33
O001408,O001408-I2,P0010,1,344.4
O001408,O001408-I3,P0011,2,202.99
O001408,O001408-I4,P0014,3,93.83
O001409,O001409-I1,P0001,1,859.76
O001409,O001409-I2,P0004,3,311.65
O001410,O001410-I1,P0006,2,939.11
O001410,O001410-I2,P0014,1,107.86
O001410,O001410-I3,P0011,1,200.03
O001410,O001410-I4,P0002,2,144.97
O001411,O001411-I1,P0006,3,851.45
O001412,O001412-I1,P0010,1,324.15
O001413,O001413-I1,P0007,3,438.15
O001414,O001414-I1,P0013,1,91.38
O001415,O001415-I1,P0002,3,137.34
O001415,O001415-I2,P0006,1,978.89
O001415,O001415-I3,P0003,2,3490.69
O001416,O001416-I1,P0013,1,87.8
O001416,O001416-I2,P0014,3,97.78
O001416,O001416-I3,P0007,1,366.64
O001416,O001416-I4,P0012,3,318.14
O001417,O001417-I1,P0005,2,197.16
O001417,O001417-I2,P0001,3,865.01
O001417,O001417-I3,P0015,1,156.41
O001418,O001418-I1,P0003,2,3767.34
O001418,O001418-I2,P0003,1,3211.83
O001418,O001418-I3,P0013,1,85.51
O001418,O001418-I4,P0006,2,929.68
O001419,O001419-I1,P0002,3,153.98
O001419,O001419-I2,P0008,1,503.28
O001420,O001420-I1,P0003,1,3610.51
O001420,O001420-I2,P0004,3,310.86
O001420,O001420-I3,P0005,2,169.85
O001420,O001420-I4,P0013,3,87.0
O001421,O001421-I1,P0014,2,100.53
O001421,O001421-I2,P0011,1,189.73
O001422,O001422-I1,P0011,2,213.83
O001423,O001423-I1,P0006,3,911.37
O001423,O001423-I2,P0008,2,499.84
O001423,O001423-I3,P0011,2,195.96
O001424,O001424-I1,P0006,2,911.48
O001424,O001424-I2,P0004,2,293.48
O001425,O001425-I1,P0002,1,150.96
O001425,O001425-I2,P0003,1,3550.78
O001425,O001425-I3,P0005,3,194.91
O001426,O001426-I1,P0009,2,672.2
O001426,O001426-I2,P0005,2,168.45
O001426,O001426-I3,P0015,1,135.32
O001426,O001426-I4,P0009,2,649.05
O001427,O001427-I1,P0003,1,3848.28
O001427,O001427-I2,P0002,2,154.42
O001427,O001427-I3,P0013,3,84.42
O001428,O001428-I1,P0014,2,101.23
O001428,O001428-I2,P0004,1,309.36
O001428,O001428-I3,P0013,2,84.97
O001429,O001429-I1,P0008,3,532.09
O001430,O001430-I1,P0002,2,159.36
O001430,O001430-I2,P0014,3,95.49
O001430,O001430-I3,P0005,1,177.49
O001430,O001430-I4,P0003,3,3708.15
O001431,O001431-I1,P0001,3,977.97
O001431,O001431-I2,P0008,3,452.44
O001431,O001431-I3,P0010,3,343.67
O001431,O001431-I4,P0003,2,3762.61
O001432,O001432-I1,P0009,2,686.85
O001432,O001432-I2,P0007,1,397.34
O001433,O001433-I1,P0014,3,103.9
O001434,O001434-I1,P0005,1,162.82
O001434,O001434-I2,P0008,1,498.28
O001434,O001434-I3,P0015,3,140.25
O001435,O001435-I1,P0002,2,141.71
O001435,O001435-I2,P0001,3,934.51
O001436,O001436-I1,P0008,1,540.74
O001437,O001437-I1,P0011,3,180.98
O001437,O001437-I2,P0008,3,468.55
O001437,O001437-I3,P0006,3,923.51
O001438,O001438-I1,P0015,3,155.38
O001438,O001438-I2,P0006,1,836.61
O001438,O001438-I3,P0014,1,102.7
O001439,O001439-I1,P0001,2,934.31
O001439,O001439-I2,P0006,1,950.63
O001440,O001440-I1,P0015,1,151.44
O001440,O001440-I2,P0008,2,454.47
O001440,O001440-I3,P0002,1,146.57
O001441,O001441-I1,P0013,1,82.68
O001441,O001441-I2,P0003,2,3237.18
O001442,O001442-I1,P0014,3,102.54
O001442,O001442-I2,P0009,1,728.75
O001443,O001443-I1,P0009,1,675.31
O001443,O001443-I2,P0004,2,277.77
O001443,O001443-I3,P0007,1,438.26
O001444,O001444-I1,P0010,3,335.35
O001445,O001445-I1,P0011,3,205.15
O001445,O001445-I2,P0010,1,327.41
O001446,O001446-I1,P0004,1,319.88
O001446,O001446-I2,P0010,3,370.22
O001446,O001446-I3,P0014,2,107.18
O001447,O001447-I1,P0005,3,190.44
O001448,O001448-I1,P0004,1,309.09
O001448,O001448-I2,P0009,2,650.7
O001448,O001448-I3,P0005,3,164.49
O001449,O001449-I1,P0010,2,360.88
O001449,O001449-I2,P0004,2,273.7
O001449,O001449-I3,P0013,3,85.89
O001450,O001450-I1,P0012,3,309.48
O001451,O001451-I1,P0005,3,165.2
O001451,O001451-I2,P0005,3,175.44
O001451,O001451-I3,P0009,1,712.63
O001452,O001452-I1,P0008,1,531.01
O001453,O001453-I1,P0002,3,149.78
O001454,O001454-I1,P0015,3,142.21
O001455,O001455-I1,P0007,1,394.01
O001455,O001455-I2,P0009,2,662.29
O001455,O001455-I3,P0008,3,548.4
O001455,O001455-I4,P0004,1,277.82
O001456,O001456-I1,P0011,2,205.85
O001456,O001456-I2,P0015,2,145.48
O001456,O001456-I3,P0009,3,760.93
O001457,O001457-I1,P0005,3,184.83
O001457,O001457-I2,P0003,1,3313.13
O001457,O001457-I3,P0015,1,136.28
O001457,O001457-I4,P0011,1,203.34
O001458,O001458-I1,P0005,2,179.18
O001458,O001458-I2,P0005,3,163.71
O001458,O001458-I3,P0010,1,344.36
O001458,O001458-I4,P0012,3,297.76
O001459,O001459-I1,P0007,1,393.48
O001459,O001459-I2,P0009,1,683.89
O001459,O001459-I3,P0009,2,689.63
O001459,O001459-I4,P0014,1,95.04
O001460,O001460-I1,P0011,3,195.35
O001460,O001460-I2,P0008,2,506.4
O001460,O001460-I3,P0001,3,843.47
O001461,O001461-I1,P0003,1,3184.59
O001461,O001461-I2,P0011,2,203.64
O001461,O001461-I3,P0004,3,270.39
O001462,O001462-I1,P0007,2,409.02
O001462,O001462-I2,P0004,3,307.14
O001462,O001462-I3,P0005,3,192.15
O001462,O001462-I4,P0015,2,153.25
O001463,O001463-I1,P0015,2,157.25
O001463,O001463-I2,P0012,2,312.44
O001463,O001463-I3,P0014,1,105.73
O001464,O001464-I1,P0012,3,326.58
O001464,O001464-I2,P0004,2,286.45
O001465,O001465-I1,P0004,3,280.19
O001465,O001465-I2,P0008,1,454.68
O001465,O001465-I3,P0011,2,199.92
O001465,O001465-I4,P0010,1,357.28
O001466,O001466-I1,P0002,3,148.27
O001466,O001466-I2,P0003,1,3633.79
O001466,O001466-I3,P0015,1,160.71
O001467,O001467-I1,P0003,2,3385.58
O001467,O001467-I2,P0010,3,324.14
O001467,O001467-I3,P0012,1,272.15
O001468,O001468-I1,P0006,1,911.88
O001468,O001468-I2,P0001,1,835.37
O001468,O001468-I3,P0011,3,214.88
O001469,O001469-I1,P0005,2,168.76
O001469,O001469-I2,P0006,3,870.63
O001469,O001469-I3,P0006,3,961.02
O001469,O001469-I4,P0011,1,202.11
O001470,O001470-I1,P0004,2,303.05
O001471,O001471-I1,P0002,3,151.42
O001471,O001471-I2,P0004,1,322.99
O001472,O001472-I1,P0001,2,892.25
O001472,O001472-I2,P0004,1,285.81
O001473,O001473-I1,P0011,3,195.75
O001473,O001473-I2,P0007,3,426.39
O001473,O001473-I3,P0012,1,303.03
O001473,O001473-I4,P0011,3,192.46
O001474,O001474-I1,P0003,3,3212.68
O001475,O001475-I1,P0003,2,3190.82
O001475,O001475-I2,P0001,1,906.48
O001475,O001475-I3,P0004,2,326.73
O001476,O001476-I1,P0007,2,418.28
O001476,O001476-I2,P0006,1,845.72
O001476,O001476-I3,P0007,1,401.52
O001477,O001477-I1,P0003,2,3551.43
O001478,O001478-I1,P0003,2,3197.31
O001478,O001478-I2,P0007,3,369.74
O001479,O001479-I1,P0007,2,371.27
O001480,O001480-I1,P0004,3,292.11
O001480,O001480-I2,P0012,1,274.6
O001480,O001480-I3,P0003,1,3787.06
O001481,O001481-I1,P0005,1,163.59
O001481,O001481-I2,P0014,3,95.82
O001482,O001482-I1,P0015,1,143.68
O001482,O001482-I2,P0010,2,319.0
O001483,O001483-I1,P0011,3,207.54
O001483,O001483-I2,P0015,2,159.64
O001483,O001483-I3,P0013,2,82.81
O001483,O001483-I4,P0008,3,543.46
O001484,O001484-I1,P0009,1,740.3
O001484,O001484-I2,P0014,2,102.48
O001485,O001485-I1,P0009,3,677.96
O001485,O001485-I2,P0013,2,94.54
O001485,O001485-I3,P0009,2,729.66
O001486,O001486-I1,P0009,1,641.94
O001486,O001486-I2,P0015,1,138.48
O001486,O001486-I3,P0012,2,327.85
O001486,O001486-I4,P0002,1,141.98
O001487,O001487-I1,P0011,1,198.08
O001488,O001488-I1,P0012,1,305.79
O001489,O001489-I1,P0003,1,3495.69
O001489,O001489-I2,P0005,1,168.22
O001489,O001489-I3,P0014,2,108.8
O001490,O001490-I1,P0001,1,835.89
O001490,O001490-I2,P0013,2,84.08
O001491,O001491-I1,P0013,3,90.61
O001491,O001491-I2,P0003,1,3291.56
O001491,O001491-I3,P0003,2,3356.0
O001491,O001491-I4,P0012,2,322.53
O001492,O001492-I1,P0001,1,964.73
O001492,O001492-I2,P0007,3,414.55
O001492,O001492-I3,P0013,3,93.21
O001493,O001493-I1,P0008,3,515.69
O001493,O001493-I2,P0010,1,381.23
O001493,O001493-I3,P0014,3,104.72
O001493,O001493-I4,P0006,2,851.88
O001494,O001494-I1,P0003,1,3162.19
O001494,O001494-I2,P0006,1,969.34
O001495,O001495-I1,P0001,3,976.83
O001495,O001495-I2,P0006,1,916.55
O001496,O001496-I1,P0009,3,728.05
O001496,O001496-I2,P0005,2,170.28
O001497,O001497-I1,P0013,3,94.65
O001497,O001497-I2,P0011,1,181.62
O001498,O001498-I1,P0010,3,338.68
O001499,O001499-I1,P0001,3,906.1
O001500,O001500-I1,P0003,1,3215.96
O001501,O001501-I1,P0011,3,186.05
O001502,O001502-I1,P0005,2,171.34
O001502,O001502-I2,P0001,3,820.44
O001502,O001502-I3,P0012,2,329.22
O001502,O001502-I4,P0002,1,160.01
O001503,O001503-I1,P0007,2,421.97
O001503,O001503-I2,P0008,2,513.68
O001503,O001503-I3,P0004,2,326.63
O001503,O001503-I4,P0005,2,188.86
O001504,O001504-I1,P0002,2,159.15
O001504,O001504-I2,P0003,1,3202.48
O001505,O001505-I1,P0003,1,3346.89
O001505,O001505-I2,P0004,2,326.15
O001505,O001505-I3,P0004,3,316.24
O001506,O001506-I1,P0009,3,643.42
O001506,O001506-I2,P0009,1,701.82
O001506,O001506-I3,P0010,1,322.67
O001506,O001506-I4,P0009,3,632.7
O001507,O001507-I1,P0011,2,217.34
O001507,O001507-I2,P0001,3,838.94
O001508,O001508-I1,P0001,3,818.26
O001509,O001509-I1,P0015,3,155.57
O001510,O001510-I1,P0001,2,906.02
O001511,O001511-I1,P0013,3,98.76
O001511,O001511-I2,P0003,1,3767.3
O001512,O001512-I1,P0007,3,436.97
O001512,O001512-I2,P0012,2,280.53
O001512,O001512-I3,P0008,2,460.38
O001512,O001512-I4,P0010,2,353.55
O001513,O001513-I1,P0004,3,279.05
O001513,O001513-I2,P0004,3,302.33
O001514,O001514-I1,P0008,2,520.72
O001515,O001515-I1,P0010,2,367.78
O001516,O001516-I1,P0013,2,85.36
O001517,O001517-I1,P0002,3,147.47
O001517,O001517-I2,P0014,3,102.76
O001517,O001517-I3,P0011,3,207.61
O001517,O001517-I4,P0006,2,928.83
O001518,O001518-I1,P0011,3,218.02
O001518,O001518-I2,P0006,2,906.0
O001519,O001519-I1,P0003,2,3292.8
O001520,O001520-I1,P0010,1,355.45
O001520,O001520-I2,P0001,3,813.96
O001520,O001520-I3,P0007,2,410.09
O001520,O001520-I4,P0005,1,189.43
O001521,O001521-I1,P0009,3,693.92
O001521,O001521-I2,P0006,3,932.25
O001521,O001521-I3,P0001,2,910.55
O001521,O001521-I4,P0001,3,921.1
O001522,O001522-I1,P0013,2,82.93
O001522,O001522-I2,P0013,2,85.27
O001523,O001523-I1,P0011,2,210.95
O001523,O001523-I2,P0009,3,633.82
O001523,O001523-I3,P0008,2,481.51
O001523,O001523-I4,P0015,3,139.91
O001524,O001524-I1,P0003,1,3822.72
O001525,O001525-I1,P0001,3,842.15
O001526,O001526-I1,P0009,3,710.14
O001527,O001527-I1,P0011,3,209.37
O001527,O001527-I2,P0009,2,746.57
O001527,O001527-I3,P0004,3,329.58
O001528,O001528-I1,P0012,3,290.6
O001528,O001528-I2,P0014,2,105.09
O001528,O001528-I3,P0001,2,828.24
O001528,O001528-I4,P0004,3,291.26
O001529,O001529-I1,P0009,3,656.73
O001530,O001530-I1,P0008,2,541.29
O001531,O001531-I1,P0014,1,98.46
O001531,O001531-I2,P0013,3,83.12
O001531,O001531-I3,P0001,1,858.75
O001531,O001531-I4,P0010,2,336.12
O001532,O001532-I1,P0008,2,531.74
O001532,O001532-I2,P0010,2,326.45
O001532,O001532-I3,P0015,1,146.24
O001532,O001532-I4,P0009,1,646.26
O001533,O001533-I1,P0005,1,168.54
O001533,O001533-I2,P0007,1,369.9
O001534,O001534-I1,P0007,2,431.95
O001534,O001534-I2,P0001,2,907.31
O001534,O001534-I3,P0008,3,528.44
O001535,O001535-I1,P0002,1,150.93
O001535,O001535-I2,P0013,2,81.02
O001536,O001536-I1,P0002,3,136.6
O001536,O001536-I2,P0011,3,189.87
O001537,O001537-I1,P0014,2,94.64
O001538,O001538-I1,P0012,2,303.24
O001538,O001538-I2,P0009,3,724.41
O001538,O001538-I3,P0009,3,675.36
O001538,O001538-I4,P0004,1,304.97
O001539,O001539-I1,P0002,2,145.95
O001539,O001539-I2,P0002,1,148.36
O001539,O001539-I3,P0008,1,483.5
O001540,O001540-I1,P0009,2,695.93
O001540,O001540-I2,P0004,2,308.21
O001540,O001540-I3,P0007,2,421.68
O001541,O001541-I1,P0002,2,152.32
O001541,O001541-I2,P0012,3,318.24
O001541,O001541-I3,P0007,3,396.66
O001542,O001542-I1,P0004,1,277.4
O001542,O001542-I2,P0008,1,492.03
O001542,O001542-I3,P0001,1,933.8
O001543,O001543-I1,P0007,2,400.38
O001543,O001543-I2,P0001,1,956.07
O001544,O001544-I1,P0003,3,3193.73
O001544,O001544-I2,P0005,1,166.31
O001544,O001544-I3,P0009,3,672.71
O001544,O001544-I4,P0003,2,3732.11
O001545,O001545-I1,P0002,3,160.8
O001546,O001546-I1,P0014,2,104.74
O001546,O001546-I2,P0008,1,509.15
O001546,O001546-I3,P0012,2,305.23
O001547,O001547-I1,P0009,2,717.97
O001547,O001547-I2,P0009,2,666.58
O001548,O001548-I1,P0011,1,181.84
O001549,O001549-I1,P0013,2,83.85
O001549,O001549-I2,P0011,3,183.31
O001550,O001550-I1,P0010,3,380.54
O001550,O001550-I2,P0006,3,863.46
O001551,O001551-I1,P0013,3,91.18
O001551,O001551-I2,P0014,3,92.44
O001551,O001551-I3,P0005,3,188.6
O001552,O001552-I1,P0011,1,212.69
O001552,O001552-I2,P0010,2,351.92
O001552,O001552-I3,P0014,1,102.68
O001552,O001552-I4,P0013,2,97.07
O001553,O001553-I1,P0014,1,105.69
O001553,O001553-I2,P0004,1,295.43
O001553,O001553-I3,P0005,1,180.73
O001554,O001554-I1,P0010,3,338.82
O001554,O001554-I2,P0004,2,320.83
O001555,O001555-I1,P0013,1,96.87
O001555,O001555-I2,P0002,1,157.03
O001555,O001555-I3,P0015,3,154.6
O001555,O001555-I4,P0006,3,913.01
O001556,O001556-I1,P0006,1,910.75
O001557,O001557-I1,P0002,3,151.05
O001557,O001557-I2,P0013,1,94.48
O001557,O001557-I3,P0005,2,196.49
O001558,O001558-I1,P0011,3,184.77
O001558,O001558-I2,P0001,3,853.31
O001559,O001559-I1,P0005,3,177.26
O001559,O001559-I2,P0010,3,319.04
O001559,O001559-I3,P0005,3,173.71
O001559,O001559-I4,P0002,3,158.82
O001560,O001560-I1,P0005,1,176.32
O001560,O001560-I2,P0011,2,217.2
O001561,O001561-I1,P0002,3,142.27
O001561,O001561-I2,P0011,2,189.58
O001561,O001561-I3,P0008,3,455.94
O001561,O001561-I4,P0009,1,717.63
O001562,O001562-I1,P0007,2,425.53
O001562,O001562-I2,P0004,1,304.99
O001562,O001562-I3,P0010,3,327.92
O001563,O001563-I1,P0004,3,277.95
O001563,O001563-I2,P0015,3,162.22
O001563,O001563-I3,P0010,2,348.93
O001564,O001564-I1,P0015,1,143.75
O001564,O001564-I2,P0010,3,320.66
O001564,O001564-I3,P0007,2,380.42
O001564,O001564-I4,P0006,3,932.83
O001565,O001565-I1,P0015,3,162.46
O001565,O001565-I2,P0005,2,191.71
O001565,O001565-I3,P0014,1,109.4
O001565,O001565-I4,P0006,1,816.65
O001566,O001566-I1,P0008,1,543.25
O001566,O001566-I2,P0004,3,322.23
O001567,O001567-I1,P0008,3,472.9
O001568,O001568-I1,P0007,2,380.72
O001569,O001569-I1,P0015,2,157.53
O001569,O001569-I2,P0008,2,461.1
O001569,O001569-I3,P0012,3,284.13
O001570,O001570-I1,P0002,2,159.08
O001570,O001570-I2,P0004,3,329.0
O001570,O001570-I3,P0003,1,3680.19
O001570,O001570-I4,P0010,2,369.19
O001571,O001571-I1,P0008,1,504.74
O001572,O001572-I1,P0011,2,210.33
O001572,O001572-I2,P0004,2,270.75
O001573,O001573-I1,P0015,2,140.7
O001574,O001574-I1,P0006,1,976.18
O001574,O001574-I2,P0012,1,309.21
O001575,O001575-I1,P0011,2,197.91
O001576,O001576-I1,P0011,2,207.47
O001577,O001577-I1,P0015,1,136.69
O001577,O001577-I2,P0004,2,312.77
O001577,O001577-I3,P0009,2,643.74
O001578,O001578-I1,P0001,2,986.82
O001578,O001578-I2,P0011,3,196.18
O001578,O001578-I3,P0009,1,654.75
O001578,O001578-I4,P0003,1,3844.19
O001579,O001579-I1,P0013,1,88.45
O001579,O001579-I2,P0011,1,201.24
O001579,O001579-I3,P0011,3,181.97
O001580,O001580-I1,P0004,3,309.06
O001580,O001580-I2,P0008,1,543.32
O001580,O001580-I3,P0003,1,3695.22
O001580,O001580-I4,P0006,1,916.92
O001581,O001581-I1,P0009,1,687.2
O001582,O001582-I1,P0001,2,981.85
O001582,O001582-I2,P0002,3,163.86
O001582,O001582-I3,P0004,1,317.81
O001583,O001583-I1,P0010,1,326.12
O001584,O001584-I1,P0014,1,105.98
O001584,O001584-I2,P0010,2,337.04
O001584,O001584-I3,P0008,3,527.24
O001584,O001584-I4,P0003,3,3435.16
O001585,O001585-I1,P0008,1,495.38
O001586,O001586-I1,P0013,2,96.32
O001586,O001586-I2,P0012,1,280.93
O001587,O001587-I1,P0003,1,3249.25
O001587,O001587-I2,P0014,3,108.17
O001587,O001587-I3,P0005,3,188.19
O001588,O001588-I1,P0014,2,102.73
O001588,O001588-I2,P0006,2,866.75
O001588,O001588-I3,P0001,1,976.02
O001588,O001588-I4,P0011,2,196.26
O001589,O001589-I1,P0015,3,138.93
O001590,O001590-I1,P0002,3,154.92
O001590,O001590-I2,P0001,2,981.81
O001590,O001590-I3,P0002,3,152.34
O001591,O001591-I1,P0015,2,142.56
O001591,O001591-I2,P0011,3,197.02
O001591,O001591-I3,P0011,3,206.88
O001591,O001591-I4,P0013,1,84.76
O001592,O001592-I1,P0005,1,177.68
O001592,O001592-I2,P0004,3,303.35
O001592,O001592-I3,P0008,1,547.56
O001593,O001593-I1,P0002,1,147.01
O001593,O001593-I2,P0005,3,188.04
O001594,O001594-I1,P0012,2,302.32
O001594,O001594-I2,P0015,3,148.01
O001595,O001595-I1,P0005,1,164.28
O001595,O001595-I2,P0007,1,375.85
O001595,O001595-I3,P0003,3,3494.07
O001595,O001595-I4,P0013,3,83.58
O001596,O001596-I1,P0012,1,271.0
O001596,O001596-I2,P0001,3,877.75
O001597,O001597-I1,P0010,1,351.03
O001598,O001598-I1,P0001,1,879.11
O001599,O001599-I1,P0015,3,155.09
O001599,O001599-I2,P0012,3,313.5
O001600,O001600-I1,P0005,3,177.21
O001600,O001600-I2,P0015,2,146.56
O001600,O001600-I3,P0015,1,136.43
O001601,O001601-I1,P0011,1,218.01
O001602,O001602-I1,P0011,3,218.4
O001602,O001602-I2,P0005,2,167.31
O001602,O001602-I3,P0003,1,3282.29
O001603,O001603-I1,P0004,2,271.71
O001603,O001603-I2,P0012,2,292.41
O001603,O001603-I3,P0005,3,183.76
O001604,O001604-I1,P0007,1,381.26
O001604,O001604-I2,P0003,3,3654.61
O001604,O001604-I3,P0001,1,937.04
O001604,O001604-I4,P0001,3,973.74
O001605,O001605-I1,P0015,1,135.92
O001605,O001605-I2,P0003,2,3500.46
O001605,O001605-I3,P0014,1,99.84
O001606,O001606-I1,P0010,1,339.01
O001606,O001606-I2,P0003,2,3162.09
O001606,O001606-I3,P0005,2,165.05
O001607,O001607-I1,P0002,1,153.75
O001607,O001607-I2,P0002,3,164.13
O001607,O001607-I3,P0007,2,405.06
O001608,O001608-I1,P0001,3,841.03
O001609,O001609-I1,P0002,1,150.57
O001610,O001610-I1,P0004,3,314.0
O001610,O001610-I2,P0014,3,98.45
O001611,O001611-I1,P0015,3,147.78
O001611,O001611-I2,P0011,2,188.88
O001611,O001611-I3,P0001,3,974.31
O001612,O001612-I1,P0010,2,384.02
O001612,O001612-I2,P0014,3,95.9
O001612,O001612-I3,P0015,1,138.12
O001613,O001613-I1,P0015,1,142.69
O001613,O001613-I2,P0005,2,182.0
O001614,O001614-I1,P0015,3,155.28
O001614,O001614-I2,P0012,2,309.99
O001615,O001615-I1,P0011,2,218.0
O001615,O001615-I2,P0006,1,859.6
O001615,O001615-I3,P0006,1,982.04
O001615,O001615-I4,P0011,3,215.07
O001616,O001616-I1,P0012,1,309.64
O001616,O001616-I2,P0005,3,164.07
O001616,O001616-I3,P0008,1,486.06
O001617,O001617-I1,P0008,1,462.46
O001617,O001617-I2,P0008,2,536.3
O001617,O001617-I3,P0005,1,172.98
O001618,O001618-I1,P0003,2,3703.34
O001619,O001619-I1,P0003,1,3828.82
O001619,O001619-I2,P0004,3,311.35
O001619,O001619-I3,P0012,2,308.47
O001620,O001620-I1,P0012,1,270.06
O001620,O001620-I2,P0009,3,689.97
O001620,O001620-I3,P0002,2,141.67
O001620,O001620-I4,P0003,3,3560.63
O001621,O001621-I1,P0008,2,508.57
O001622,O001622-I1,P0006,1,956.87
O001623,O001623-I1,P0005,3,168.62
O001623,O001623-I2,P0010,1,323.2
O001623,O001623-I3,P0005,2,163.74
O001624,O001624-I1,P0011,3,214.78
O001625,O001625-I1,P0002,3,153.58
O001625,O001625-I2,P0007,1,366.32
O001626,O001626-I1,P0013,1,91.51
O001626,O001626-I2,P0004,2,315.61
O001626,O001626-I3,P0012,3,294.8
O001626,O001626-I4,P0008,3,460.4
O001627,O001627-I1,P0011,2,183.85
O001628,O001628-I1,P0014,1,94.03
O001628,O001628-I2,P0014,2,96.72
O001628,O001628-I3,P0010,2,352.01
O001629,O001629-I1,P0008,1,521.4
O001629,O001629-I2,P0001,2,830.06
O001629,O001629-I3,P0003,2,3223.96
O001629,O001629-I4,P0008,1,505.15
O001630,O001630-I1,P0002,3,161.27
O001630,O001630-I2,P0004,3,307.92
O001631,O001631-I1,P0008,1,494.64
O001631,O001631-I2,P0013,2,90.97
O001632,O001632-I1,P0012,1,270.79
O001632,O001632-I2,P0007,3,380.46
O001632,O001632-I3,P0015,2,140.73
O001633,O001633-I1,P0015,3,136.05
O001633,O001633-I2,P0002,2,152.97
O001634,O001634-I1,P0001,2,921.45
O001634,O001634-I2,P0013,1,85.33
O001634,O001634-I3,P0011,2,207.78
O001634,O001634-I4,P0006,1,826.01
O001635,O001635-I1,P0006,1,849.07
O001635,O001635-I2,P0001,2,818.26
O001636,O001636-I1,P0010,1,355.35
O001637,O001637-I1,P0001,1,942.84
O001637,O001637-I2,P0005,3,191.03
O001638,O001638-I1,P0003,2,3788.01
O001639,O001639-I1,P0011,3,214.39
O001639,O001639-I2,P0007,1,384.69
O001639,O001639-I3,P0012,1,275.52
O001639,O001639-I4,P0004,2,270.93
O001640,O001640-I1,P0008,3,528.62
O001640,O001640-I2,P0013,1,86.66
O001641,O001641-I1,P0003,1,3783.97
O001642,O001642-I1,P0012,2,285.48
O001642,O001642-I2,P0008,2,535.3
O001642,O001642-I3,P0002,3,136.28
O001643,O001643-I1,P0012,2,316.2
O001643,O001643-I2,P0007,2,421.75
O001643,O001643-I3,P0012,2,278.39
O001644,O001644-I1,P0001,1,875.0
O001644,O001644-I2,P0008,2,525.36
O001645,O001645-I1,P0004,2,288.99
O001646,O001646-I1,P0013,2,93.6
O001646,O001646-I2,P0013,3,84.17
O001646,O001646-I3,P0008,1,466.11
O001647,O001647-I1,P0015,2,164.8
O001647,O001647-I2,P0014,2,98.23
O001647,O001647-I3,P0003,2,3245.18
O001647,O001647-I4,P0008,2,515.17
O001648,O001648-I1,P0013,3,84.62
O001649,O001649-I1,P0008,3,493.03
O001649,O001649-I2,P0011,3,213.33
O001649,O001649-I3,P0006,3,819.29
O001649,O001649-I4,P0002,3,155.72
O001650,O001650-I1,P0003,2,3694.09
O001650,O001650-I2,P0011,2,180.15
O001651,O001651-I1,P0004,3,321.12
O001651,O001651-I2,P0007,2,436.01
O001651,O001651-I3,P0002,1,144.33
O001651,O001651-I4,P0014,3,103.02
O001652,O001652-I1,P0008,1,508.57
O001652,O001652-I2,P0006,1,853.33
O001652,O001652-I3,P0004,3,285.49
O001652,O001652-I4,P0007,1,398.05
O001653,O001653-I1,P0003,1,3810.48
O001653,O001653-I2,P0011,1,199.19
O001654,O001654-I1,P0007,1,422.25
O001654,O001654-I2,P0002,1,153.4
O001654,O001654-I3,P0008,3,487.1
O001654,O001654-I4,P0007,2,381.36
O001655,O001655-I1,P0015,3,135.15
O001655,O001655-I2,P0013,3,96.31
O001656,O001656-I1,P0002,2,140.44
O001657,O001657-I1,P0014,2,99.19
O001658,O001658-I1,P0007,2,414.72
O001658,O001658-I2,P0012,1,287.38
O001659,O001659-I1,P0004,3,283.34
O001659,O001659-I2,P0005,1,192.96
O001660,O001660-I1,P0015,3,135.88
O001660,O001660-I2,P0014,2,105.02
O001660,O001660-I3,P0001,2,856.72
O001660,O001660-I4,P0004,1,322.75
O001661,O001661-I1,P0002,2,140.31
O001661,O001661-I2,P0011,1,186.31
O001662,O001662-I1,P0005,3,191.31
O001663,O001663-I1,P0006,3,925.91
O001663,O001663-I2,P0005,2,197.07
O001663,O001663-I3,P0003,3,3492.38
O001663,O001663-I4,P0013,3,94.38
O001664,O001664-I1,P0005,2,192.37
O001664,O001664-I2,P0001,1,840.44
O001664,O001664-I3,P0012,3,270.52
O001664,O001664-I4,P0015,3,162.56
O001665,O001665-I1,P0014,2,107.53
O001666,O001666-I1,P0009,1,755.72
O001667,O001667-I1,P0004,1,318.47
O001667,O001667-I2,P0002,3,159.05
O001668,O001668-I1,P0015,3,155.38
O001668,O001668-I2,P0005,1,170.04
O001669,O001669-I1,P0011,1,187.62
O001669,O001669-I2,P0004,1,287.58
O001669,O001669-I3,P0003,1,3425.78
O001670,O001670-I1,P0006,3,943.17
O001671,O001671-I1,P0003,3,3190.18
O001672,O001672-I1,P0015,1,163.9
O001672,O001672-I2,P0002,2,140.85
O001673,O001673-I1,P0001,1,917.05
O001673,O001673-I2,P0001,2,925.26
O001674,O001674-I1,P0009,1,685.28
O001675,O001675-I1,P0011,2,214.09
O001675,O001675-I2,P0002,2,149.1
O001676,O001676-I1,P0004,3,295.44
O001676,O001676-I2,P0002,2,159.15
O001676,O001676-I3,P0014,1,90.44
O001676,O001676-I4,P0011,3,203.62
O001677,O001677-I1,P0003,2,3633.65
O001677,O001677-I2,P0002,2,145.54
O001678,O001678-I1,P0002,2,142.04
O001678,O001678-I2,P0010,1,351.12
O001679,O001679-I1,P0004,1,292.36
O001679,O001679-I2,P0010,3,332.5
O001680,O001680-I1,P0011,3,192.76
O001680,O001680-I2,P0004,3,317.37
O001681,O001681-I1,P0008,1,546.06
O001681,O001681-I2,P0007,1,420.5
O001681,O001681-I3,P0010,3,356.17
O001681,O001681-I4,P0013,3,88.64
O001682,O001682-I1,P0006,3,862.07
O001682,O001682-I2,P0011,2,190.9
O001683,O001683-I1,P0013,2,93.49
O001683,O001683-I2,P0009,3,741.02
O001684,O001684-I1,P0006,1,875.14
O001684,O001684-I2,P0002,1,160.76
O001684,O001684-I3,P0009,3,752.38
O001685,O001685-I1,P0003,1,3678.38
O001685,O001685-I2,P0014,3,93.57
O001686,O001686-I1,P0003,1,3745.65
O001686,O001686-I2,P0012,1,317.47
O001686,O001686-I3,P0014,1,108.33
O001686,O001686-I4,P0010,1,335.03
O001687,O001687-I1,P0006,2,809.95
O001687,O001687-I2,P0013,2,95.8
O001687,O001687-I3,P0007,1,436.92
O001687,O001687-I4,P0003,2,3451.12
O001688,O001688-I1,P0011,3,182.9
O001689,O001689-I1,P0009,1,671.61
O001689,O001689-I2,P0003,2,3215.46
O001690,O001690-I1,P0015,1,144.51
O001690,O001690-I2,P0014,2,97.91
O001690,O001690-I3,P0003,3,3673.75
O001690,O001690-I4,P0008,1,497.3
O001691,O001691-I1,P0001,1,845.89
O001691,O001691-I2,P0009,2,642.53
O001691,O001691-I3,P0004,2,309.44
O001692,O001692-I1,P0012,3,326.1
O001692,O001692-I2,P0002,3,142.67
O001693,O001693-I1,P0006,2,971.88
O001694,O001694-I1,P0008,2,539.32
O001694,O001694-I2,P0014,1,98.34
O001694,O001694-I3,P0008,3,470.75
O001694,O001694-I4,P0008,2,510.34
O001695,O001695-I1,P0013,3,88.85
O001695,O001695-I2,P0008,1,533.48
O001695,O001695-I3,P0013,2,92.05
O001695,O001695-I4,P0002,3,140.57
O001696,O001696-I1,P0009,2,640.8
O001696,O001696-I2,P0007,2,373.36
O001696,O001696-I3,P0004,2,290.62
O001697,O001697-I1,P0007,2,429.82
O001697,O001697-I2,P0012,3,292.09
O001697,O001697-I3,P0001,1,878.03
O001698,O001698-I1,P0003,3,3158.37
O001698,O001698-I2,P0008,1,509.46
O001698,O001698-I3,P0012,1,299.95
O001698,O001698-I4,P0004,2,307.45
O001699,O001699-I1,P0011,1,203.16
O001699,O001699-I2,P0004,1,298.52
O001699,O001699-I3,P0012,1,285.62
O001699,O001699-I4,P0010,2,318.4
O001700,O001700-I1,P0005,2,180.09
O001701,O001701-I1,P0002,2,161.25
O001701,O001701-I2,P0012,2,323.66
O001701,O001701-I3,P0013,2,83.27
O001701,O001701-I4,P0015,2,157.55
O001702,O001702-I1,P0014,3,104.83
O001702,O001702-I2,P0002,3,135.92
O001702,O001702-I3,P0006,1,836.75
O001703,O001703-I1,P0012,2,289.97
O001704,O001704-I1,P0015,2,135.91
O001704,O001704-I2,P0006,1,850.93
O001704,O001704-I3,P0012,1,296.55
O001705,O001705-I1,P0008,2,519.98
O001705,O001705-I2,P0007,1,403.74
O001705,O001705-I3,P0004,1,280.89
O001705,O001705-I4,P0013,1,88.47
O001706,O001706-I1,P0012,2,300.38
O001707,O001707-I1,P0006,1,912.97
O001708,O001708-I1,P0015,3,144.58
O001708,O001708-I2,P0001,1,961.78
O001708,O001708-I3,P0013,3,86.35
O001708,O001708-I4,P0012,1,278.25
O001709,O001709-I1,P0012,3,296.47
O001709,O001709-I2,P0012,2,293.35
O001709,O001709-I3,P0009,1,747.34
O001709,O001709-I4,P0007,1,392.08
O001710,O001710-I1,P0008,3,508.03
O001711,O001711-I1,P0002,1,158.07
O001711,O001711-I2,P0003,1,3474.46
O001711,O001711-I3,P0011,2,209.4
O001711,O001711-I4,P0015,1,150.92
O001712,O001712-I1,P0003,3,3630.77
O001712,O001712-I2,P0004,3,283.97
O001712,O001712-I3,P0011,1,206.88
O001713,O001713-I1,P0002,2,158.15
O001714,O001714-I1,P0010,3,345.64
O001715,O001715-I1,P0004,2,309.42
O001715,O001715-I2,P0014,1,106.13
O001715,O001715-I3,P0012,3,278.71
O001716,O001716-I1,P0008,3,477.01
O001716,O001716-I2,P0014,1,103.45
O001716,O001716-I3,P0006,2,968.84
O001716,O001716-I4,P0006,3,914.28
O001717,O001717-I1,P0014,1,96.47
O001717,O001717-I2,P0010,1,380.65
O001718,O001718-I1,P0007,2,430.28
O001718,O001718-I2,P0005,1,163.03
O001719,O001719-I1,P0003,3,3758.98
O001719,O001719-I2,P0003,2,3732.94
O001719,O001719-I3,P0015,3,144.69
O001719,O001719-I4,P0009,1,722.37
O001720,O001720-I1,P0015,3,143.17
O001720,O001720-I2,P0003,1,3443.17
O001720,O001720-I3,P0010,1,344.51
O001721,O001721-I1,P0012,1,270.84
O001721,O001721-I2,P0007,1,402.33
O001722,O001722-I1,P0015,3,161.93
O001722,O001722-I2,P0007,2,382.35
O001723,O001723-I1,P0010,3,362.53
O001723,O001723-I2,P0006,2,971.89
O001724,O001724-I1,P0005,2,169.64
O001724,O001724-I2,P0010,3,316.21
O001725,O001725-I1,P0001,2,912.48
O001725,O001725-I2,P0009,2,745.1
O001726,O001726-I1,P0001,1,961.9
O001726,O001726-I2,P0014,3,96.07
O001726,O001726-I3,P0005,2,174.68
O001726,O001726-I4,P0006,3,947.43
O001727,O001727-I1,P0012,1,322.31
O001727,O001727-I2,P0012,3,286.22
O001727,O001727-I3,P0005,3,181.58
O001727,O001727-I4,P0001,1,873.31
O001728,O001728-I1,P0007,1,390.4
O001728,O001728-I2,P0015,2,153.03
O001728,O001728-I3,P0015,3,164.0
O001728,O001728-I4,P0004,2,286.93
O001729,O001729-I1,P0015,3,136.42
O001729,O001729-I2,P0013,2,84.25
O001729,O001729-I3,P0010,3,341.99
O001729,O001729-I4,P0003,1,3822.76
O001730,O001730-I1,P0015,2,146.21
O001730,O001730-I2,P0009,3,757.11
O001730,O001730-I3,P0007,3,412.48
O001730,O001730-I4,P0003,1,3561.49
O001731,O001731-I1,P0009,2,758.18
O001731,O001731-I2,P0007,2,360.9
O001731,O001731-I3,P0008,1,474.61
O001731,O001731-I4,P0010,3,326.99
O001732,O001732-I1,P0010,3,320.83
O001732,O001732-I2,P0012,1,294.05
O001733,O001733-I1,P0010,3,363.78
O001734,O001734-I1,P0015,2,157.13
O001735,O001735-I1,P0004,1,270.91
O001736,O001736-I1,P0002,3,146.41
O001736,O001736-I2,P0009,1,733.81
O001736,O001736-I3,P0009,3,761.47
O001736,O001736-I4,P0010,1,335.68
O001737,O001737-I1,P0008,1,483.59
O001738,O001738-I1,P0010,3,342.95
O001738,O001738-I2,P0013,3,97.81
O001738,O001738-I3,P0010,3,379.38
O001738,O001738-I4,P0004,1,308.84
O001739,O001739-I1,P0008,2,474.51
O001740,O001740-I1,P0009,3,719.77
O001740,O001740-I2,P0015,2,160.38
O001740,O001740-I3,P0003,1,3366.64
O001740,O001740-I4,P0012,2,299.35
O001741,O001741-I1,P0010,2,361.13
O001742,O001742-I1,P0008,2,456.12
O001742,O001742-I2,P0003,2,3210.22
O001742,O001742-I3,P0003,3,3683.15
O001742,O001742-I4,P0008,1,546.49
O001743,O001743-I1,P0009,3,697.7
O001744,O001744-I1,P0013,2,85.86
O001744,O001744-I2,P0013,2,86.06
O001745,O001745-I1,P0012,2,329.08
O001745,O001745-I2,P0009,1,726.75
O001745,O001745-I3,P0013,2,88.35
O001745,O001745-I4,P0012,1,316.54
O001746,O001746-I1,P0002,1,160.81
O001746,O001746-I2,P0011,3,193.79
O001746,O001746-I3,P0015,2,145.45
O001747,O001747-I1,P0008,1,522.79
O001747,O001747-I2,P0006,1,867.68
O001747,O001747-I3,P0009,2,666.38
O001748,O001748-I1,P0014,1,102.83
O001749,O001749-I1,P0014,3,96.13
O001749,O001749-I2,P0013,2,83.02
O001750,O001750-I1,P0003,1,3626.58
O001750,O001750-I2,P0013,3,87.79
O001751,O001751-I1,P0014,2,102.46
O001751,O001751-I2,P0009,3,734.02
O001751,O001751-I3,P0006,3,889.97
O001752,O001752-I1,P0002,2,156.17
O001752,O001752-I2,P0014,1,107.23
O001752,O001752-I3,P0005,3,170.43
O001753,O001753-I1,P0005,1,189.33
O001753,O001753-I2,P0013,2,89.67
O001753,O001753-I3,P0008,3,521.88
O001753,O001753-I4,P0008,3,505.74
O001754,O001754-I1,P0009,3,642.88
O001755,O001755-I1,P0013,1,86.94
O001755,O001755-I2,P0006,2,909.54
O001756,O001756-I1,P0002,3,147.0
O001757,O001757-I1,P0003,3,3783.38
O001757,O001757-I2,P0005,3,162.16
O001758,O001758-I1,P0011,3,210.8
O001758,O001758-I2,P0015,3,161.75
O001758,O001758-I3,P0001,1,889.78
O001758,O001758-I4,P0008,1,478.83
O001759,O001759-I1,P0009,2,742.44
O001759,O001759-I2,P0007,2,370.49
O001760,O001760-I1,P0014,2,91.38
O001760,O001760-I2,P0006,3,864.12
O001760,O001760-I3,P0015,1,146.12
O001760,O001760-I4,P0003,3,3784.94
O001761,O001761-I1,P0005,1,176.06
O001762,O001762-I1,P0006,1,941.46
O001763,O001763-I1,P0010,3,323.36
O001764,O001764-I1,P0001,3,815.1
O001764,O001764-I2,P0012,2,278.02
O001765,O001765-I1,P0012,1,304.37
O001765,O001765-I2,P0009,1,765.58
O001765,O001765-I3,P0011,1,181.89
O001765,O001765-I4,P0006,3,905.92
O001766,O001766-I1,P0015,3,152.61
O001766,O001766-I2,P0010,1,317.98
O001766,O001766-I3,P0004,2,314.73
O001766,O001766-I4,P0005,3,172.04
O001767,O001767-I1,P0010,1,365.18
O001768,O001768-I1,P0014,2,109.5
O001768,O001768-I2,P0013,1,96.5
O001768,O001768-I3,P0012,3,317.55
O001769,O001769-I1,P0005,2,175.58
O001770,O001770-I1,P0005,2,162.29
O001770,O001770-I2,P0007,2,428.99
O001771,O001771-I1,P0006,2,900.61
O001771,O001771-I2,P0015,1,137.04
O001772,O001772-I1,P0007,1,385.19
O001773,O001773-I1,P0002,1,152.62
O001773,O001773-I2,P0004,2,296.44
O001773,O001773-I3,P0002,2,136.61
O001774,O001774-I1,P0011,1,192.68
O001774,O001774-I2,P0015,2,138.6
O001774,O001774-I3,P0008,3,457.9
O001775,O001775-I1,P0009,1,657.18
O001775,O001775-I2,P0007,2,416.97
O001775,O001775-I3,P0006,2,857.4
O001775,O001775-I4,P0002,3,151.69
O001776,O001776-I1,P0001,2,962.45
O001776,O001776-I2,P0003,3,3212.0
O001776,O001776-I3,P0004,2,284.57
O001776,O001776-I4,P0012,1,318.24
O001777,O001777-I1,P0007,1,415.11
O001777,O001777-I2,P0004,3,311.81
O001777,O001777-I3,P0003,1,3700.19
O001778,O001778-I1,P0003,3,3794.98
O001779,O001779-I1,P0006,2,895.11
O001779,O001779-I2,P0013,1,92.09
O001779,O001779-I3,P0010,3,326.07
O001779,O001779-I4,P0004,3,301.99
O001780,O001780-I1,P0001,3,988.37
O001780,O001780-I2,P0002,1,147.6
O001781,O001781-I1,P0003,1,3573.15
O001781,O001781-I2,P0015,3,139.39
O001781,O001781-I3,P0008,3,450.82
O001782,O001782-I1,P0013,2,81.95
O001782,O001782-I2,P0011,2,192.85
O001782,O001782-I3,P0002,3,155.59
O001783,O001783-I1,P0011,2,211.44
O001784,O001784-I1,P0015,2,148.92
O001784,O001784-I2,P0011,1,188.06
O001784,O001784-I3,P0003,1,3439.82
O001784,O001784-I4,P0002,3,150.09
O001785,O001785-I1,P0014,2,89.98
O001786,O001786-I1,P0010,2,324.38
O001786,O001786-I2,P0003,2,3209.28
O001786,O001786-I3,P0008,1,513.93
O001787,O001787-I1,P0001,2,901.04
O001787,O001787-I2,P0010,2,346.64
O001787,O001787-I3,P0007,1,389.6
O001788,O001788-I1,P0013,1,93.61
O001789,O001789-I1,P0014,2,101.37
O001789,O001789-I2,P0012,2,288.81
O001789,O001789-I3,P0015,2,154.27
O001789,O001789-I4,P0011,1,184.09
O001790,O001790-I1,P0013,3,97.34
O001790,O001790-I2,P0009,3,689.72
O001790,O001790-I3,P0002,3,157.1
O001791,O001791-I1,P0003,2,3357.52
O001791,O001791-I2,P0007,1,370.45
O001792,O001792-I1,P0003,3,3559.9
O001793,O001793-I1,P0009,1,727.87
O001793,O001793-I2,P0006,1,933.21
O001793,O001793-I3,P0004,2,314.37
O001794,O001794-I1,P0015,3,139.76
O001794,O001794-I2,P0005,2,187.64
O001794,O001794-I3,P0013,3,89.97
O001795,O001795-I1,P0014,2,100.42
O001795,O001795-I2,P0002,3,154.36
O001796,O001796-I1,P0002,1,164.51
O001796,O001796-I2,P0008,1,519.69
O001796,O001796-I3,P0006,2,913.49
O001797,O001797-I1,P0006,2,933.5
O001797,O001797-I2,P0012,3,286.06
O001797,O001797-I3,P0005,2,168.85
O001798,O001798-I1,P0003,1,3551.65
O001798,O001798-I2,P0006,1,884.99
O001798,O001798-I3,P0002,2,146.93
O001798,O001798-I4,P0013,1,82.69
O001799,O001799-I1,P0015,2,144.58
O001799,O001799-I2,P0005,2,193.88
O001799,O001799-I3,P0010,2,321.9
O001799,O001799-I4,P0008,1,475.38
O001800,O001800-I1,P0006,1,862.31
O001800,O001800-I2,P0012,1,291.35
O001800,O001800-I3,P0007,2,390.51
O001800,O001800-I4,P0008,2,482.41
O000306,O000306-I3,P0002,3,141.26
O001712,O001712-I1,P0003,3,3630.77
O001326,O001326-I1,P0015,1,145.44
O000570,O000570-I2,P0004,2,297.58
O000880,O000880-I2,P0007,1,409.84
O001335,O001335-I3,P0014,1,108.51
O001352,O001352-I3,P0014,3,99.52
O001252,O001252-I3,P0002,2,153.48
O000791,O000791-I1,P0009,1,692.03
O001696,O001696-I3,P0004,2,290.62
O001434,O001434-I2,P0008,1,498.28
O000662,O000662-I1,P0002,1,148.55
O000577,O000577-I1,P0001,3,956.61
O000505,O000505-I3,P0007,2,391.1
O000870,O000870-I2,P0002,1,150.35
